starting_point_id,dropping_point_id,pickup_time,dropoff_time,duration,pickup_time_sec
138,189,2019-03-01 00:13:53,2019-03-01 00:39:46,25,833
138,189,2019-03-01 12:53:33,2019-03-01 13:43:02,49,46413
138,189,2019-03-01 13:44:32,2019-03-01 14:21:07,36,49472
138,189,2019-03-01 13:29:08,2019-03-01 14:18:09,49,48548
138,189,2019-03-01 12:25:28,2019-03-01 13:08:41,43,44728
138,189,2019-03-01 14:30:01,2019-03-01 15:03:12,33,52201
138,189,2019-03-01 15:27:46,2019-03-01 16:25:57,58,55666
138,189,2019-03-01 16:39:58,2019-03-01 17:32:38,52,59998
138,189,2019-03-01 17:26:22,2019-03-01 18:17:28,51,62782
138,189,2019-03-01 17:49:56,2019-03-01 18:43:45,53,64196
138,189,2019-03-01 19:52:26,2019-03-01 20:32:45,40,71546
138,189,2019-03-01 20:45:36,2019-03-01 21:11:58,26,74736
138,189,2019-03-01 20:15:13,2019-03-01 20:47:34,32,72913
138,189,2019-03-01 20:00:50,2019-03-01 20:33:54,33,72050
138,189,2019-03-01 20:37:34,2019-03-01 21:08:50,31,74254
138,189,2019-03-01 21:59:03,2019-03-01 22:28:12,29,79143
138,189,2019-03-01 21:14:36,2019-03-01 21:39:01,24,76476
138,189,2019-03-01 23:17:14,2019-03-01 23:49:49,32,83834
138,189,2019-03-01 23:20:53,2019-03-01 23:43:33,22,84053
138,189,2019-03-02 00:23:57,2019-03-02 00:49:05,25,1437
138,189,2019-03-02 00:04:13,2019-03-02 00:31:22,27,253
138,189,2019-03-02 00:02:38,2019-03-02 00:28:05,25,158
138,189,2019-03-02 01:06:08,2019-03-02 01:36:14,30,3968
138,189,2019-03-02 01:07:15,2019-03-02 01:30:35,23,4035
138,189,2019-03-02 11:04:56,2019-03-02 11:43:00,38,39896
138,189,2019-03-02 12:53:39,2019-03-02 13:32:51,39,46419
138,189,2019-03-02 12:17:58,2019-03-02 13:00:10,42,44278
138,189,2019-03-02 12:47:33,2019-03-02 13:10:55,23,46053
138,189,2019-03-02 14:19:54,2019-03-02 14:54:05,34,51594
138,189,2019-03-02 15:47:15,2019-03-02 16:11:13,23,56835
138,189,2019-03-02 16:36:56,2019-03-02 17:24:41,47,59816
138,189,2019-03-02 17:08:51,2019-03-02 17:40:23,31,61731
138,189,2019-03-02 17:28:48,2019-03-02 18:00:38,31,62928
138,189,2019-03-02 18:08:08,2019-03-02 19:00:29,52,65288
138,189,2019-03-02 19:37:02,2019-03-02 20:05:55,28,70622
138,189,2019-03-02 20:20:15,2019-03-02 20:57:11,36,73215
138,189,2019-03-02 21:31:54,2019-03-02 21:58:19,26,77514
138,189,2019-03-02 22:11:14,2019-03-02 22:38:40,27,79874
138,189,2019-03-03 00:15:53,2019-03-03 00:41:02,25,953
138,189,2019-03-03 00:58:45,2019-03-03 01:25:53,27,3525
138,189,2019-03-03 10:43:50,2019-03-03 11:15:40,31,38630
138,189,2019-03-03 10:42:07,2019-03-03 11:03:08,21,38527
138,189,2019-03-03 12:48:35,2019-03-03 13:14:38,26,46115
138,189,2019-03-03 13:05:43,2019-03-03 13:33:01,27,47143
138,189,2019-03-03 14:53:09,2019-03-03 15:20:53,27,53589
138,189,2019-03-03 14:54:57,2019-03-03 15:39:14,44,53697
138,189,2019-03-03 15:31:00,2019-03-03 16:15:22,44,55860
138,189,2019-03-03 16:10:01,2019-03-03 16:54:25,44,58201
138,189,2019-03-03 17:40:53,2019-03-03 18:20:22,39,63653
138,189,2019-03-03 17:29:11,2019-03-03 18:10:15,41,62951
138,189,2019-03-03 17:49:04,2019-03-03 18:20:26,31,64144
138,189,2019-03-03 17:08:14,2019-03-03 17:51:40,43,61694
138,189,2019-03-03 19:10:01,2019-03-03 19:45:33,35,69001
138,189,2019-03-03 19:26:10,2019-03-03 19:56:53,30,69970
138,189,2019-03-03 20:23:32,2019-03-03 20:48:50,25,73412
138,189,2019-03-03 20:10:15,2019-03-03 20:40:46,30,72615
138,189,2019-03-03 20:49:12,2019-03-03 21:13:05,23,74952
138,189,2019-03-03 20:22:11,2019-03-03 20:56:54,34,73331
138,189,2019-03-03 22:42:29,2019-03-03 23:14:31,32,81749
138,189,2019-03-03 23:00:48,2019-03-03 23:24:51,24,82848
138,189,2019-03-04 00:03:03,2019-03-04 00:33:35,30,183
138,189,2019-03-04 00:22:32,2019-03-04 00:49:51,27,1352
138,189,2019-03-04 02:26:22,2019-03-04 02:50:35,24,8782
138,189,2019-03-04 07:53:40,2019-03-04 08:38:42,45,28420
138,189,2019-03-04 08:51:12,2019-03-04 09:28:32,37,31872
138,189,2019-03-04 12:35:50,2019-03-04 13:14:15,38,45350
138,189,2019-03-04 13:35:38,2019-03-04 14:21:45,46,48938
138,189,2019-03-04 14:09:37,2019-03-04 14:38:22,28,50977
138,189,2019-03-04 14:50:05,2019-03-04 15:32:35,42,53405
138,189,2019-03-04 14:57:03,2019-03-04 15:46:25,49,53823
138,189,2019-03-04 14:23:56,2019-03-04 14:55:18,31,51836
138,189,2019-03-04 14:35:56,2019-03-04 15:26:54,50,52556
138,189,2019-03-04 14:30:24,2019-03-04 15:13:47,43,52224
138,189,2019-03-04 15:07:42,2019-03-04 15:56:33,48,54462
138,189,2019-03-04 15:37:02,2019-03-04 16:12:01,34,56222
138,189,2019-03-04 16:07:42,2019-03-04 16:45:16,37,58062
138,189,2019-03-04 16:56:06,2019-03-04 17:42:22,46,60966
138,189,2019-03-04 16:19:27,2019-03-04 16:59:04,39,58767
138,189,2019-03-04 17:24:11,2019-03-04 18:00:39,36,62651
138,189,2019-03-04 17:31:11,2019-03-04 17:59:16,28,63071
138,189,2019-03-04 18:11:20,2019-03-04 18:51:09,39,65480
138,189,2019-03-04 19:37:20,2019-03-04 20:02:55,25,70640
138,189,2019-03-04 19:32:40,2019-03-04 20:00:24,27,70360
138,189,2019-03-04 19:19:13,2019-03-04 19:59:04,39,69553
138,189,2019-03-04 19:58:03,2019-03-04 20:31:56,33,71883
138,189,2019-03-04 19:08:26,2019-03-04 19:57:45,49,68906
138,189,2019-03-04 19:41:30,2019-03-04 20:08:13,26,70890
138,189,2019-03-04 20:02:31,2019-03-04 20:28:23,25,72151
138,189,2019-03-04 20:45:10,2019-03-04 21:11:01,25,74710
138,189,2019-03-04 21:56:00,2019-03-04 22:45:41,49,78960
138,189,2019-03-04 22:22:55,2019-03-04 22:55:01,32,80575
138,189,2019-03-05 00:20:45,2019-03-05 00:44:00,23,1245
138,189,2019-03-05 09:20:17,2019-03-05 10:08:30,48,33617
138,189,2019-03-05 15:56:16,2019-03-05 16:51:38,55,57376
138,189,2019-03-05 18:40:12,2019-03-05 19:19:34,39,67212
138,189,2019-03-05 17:59:03,2019-03-05 18:45:55,46,64743
138,189,2019-03-05 20:15:52,2019-03-05 20:40:22,24,72952
138,189,2019-03-05 20:00:14,2019-03-05 20:28:20,28,72014
138,189,2019-03-05 20:59:25,2019-03-05 21:28:00,28,75565
138,189,2019-03-05 20:49:39,2019-03-05 21:15:24,25,74979
138,189,2019-03-05 21:14:32,2019-03-05 21:42:41,28,76472
138,189,2019-03-05 21:37:06,2019-03-05 22:03:12,26,77826
138,189,2019-03-05 21:12:01,2019-03-05 21:36:02,24,76321
138,189,2019-03-05 22:37:59,2019-03-05 22:59:41,21,81479
138,189,2019-03-05 23:36:14,2019-03-05 23:57:18,21,84974
138,189,2019-03-06 07:56:28,2019-03-06 08:37:27,40,28588
138,189,2019-03-06 11:04:59,2019-03-06 11:50:40,45,39899
138,189,2019-03-06 12:26:03,2019-03-06 12:53:24,27,44763
138,189,2019-03-06 12:20:22,2019-03-06 12:41:52,21,44422
138,189,2019-03-06 13:44:43,2019-03-06 14:20:18,35,49483
138,189,2019-03-06 13:14:39,2019-03-06 13:48:53,34,47679
138,189,2019-03-06 14:03:19,2019-03-06 14:36:30,33,50599
138,189,2019-03-06 16:35:58,2019-03-06 17:35:52,59,59758
138,189,2019-03-06 16:35:15,2019-03-06 17:33:34,58,59715
138,189,2019-03-06 17:13:06,2019-03-06 17:55:40,42,61986
138,189,2019-03-06 18:16:08,2019-03-06 19:04:38,48,65768
138,189,2019-03-06 18:03:40,2019-03-06 18:44:16,40,65020
138,189,2019-03-06 18:10:19,2019-03-06 19:07:11,56,65419
138,189,2019-03-06 18:25:12,2019-03-06 19:14:33,49,66312
138,189,2019-03-06 19:00:30,2019-03-06 19:34:42,34,68430
138,189,2019-03-06 19:09:23,2019-03-06 19:41:02,31,68963
138,189,2019-03-06 20:56:53,2019-03-06 21:24:29,27,75413
138,189,2019-03-06 20:55:48,2019-03-06 21:16:00,20,75348
138,189,2019-03-06 20:53:55,2019-03-06 21:16:19,22,75235
138,189,2019-03-06 13:20:14,2019-03-06 13:46:06,25,48014
138,189,2019-03-06 22:46:53,2019-03-06 23:21:15,34,82013
138,189,2019-03-06 22:18:55,2019-03-06 22:39:36,20,80335
138,189,2019-03-06 22:14:26,2019-03-06 22:37:13,22,80066
138,189,2019-03-06 22:49:42,2019-03-06 23:17:36,27,82182
138,189,2019-03-06 22:16:04,2019-03-06 22:43:47,27,80164
138,189,2019-03-06 23:33:59,2019-03-06 23:54:32,20,84839
138,189,2019-03-06 23:55:58,2019-03-07 00:25:43,29,86158
138,189,2019-03-06 23:13:56,2019-03-06 23:36:09,22,83636
138,189,2019-03-07 00:00:22,2019-03-07 00:20:24,20,22
138,189,2019-03-07 09:31:47,2019-03-07 10:12:21,40,34307
138,189,2019-03-07 09:11:07,2019-03-07 09:57:51,46,33067
138,189,2019-03-07 11:55:04,2019-03-07 12:32:15,37,42904
138,189,2019-03-07 13:52:43,2019-03-07 14:37:33,44,49963
138,189,2019-03-07 15:00:28,2019-03-07 15:56:24,55,54028
138,189,2019-03-07 17:33:59,2019-03-07 18:28:27,54,63239
138,189,2019-03-07 17:15:40,2019-03-07 18:08:57,53,62140
138,189,2019-03-07 18:47:23,2019-03-07 19:32:01,44,67643
138,189,2019-03-07 18:21:29,2019-03-07 18:56:09,34,66089
138,189,2019-03-07 18:55:34,2019-03-07 19:38:51,43,68134
138,189,2019-03-07 18:46:39,2019-03-07 19:32:43,46,67599
138,189,2019-03-07 19:23:53,2019-03-07 19:58:35,34,69833
138,189,2019-03-07 20:36:14,2019-03-07 21:09:17,33,74174
138,189,2019-03-07 20:56:14,2019-03-07 21:21:45,25,75374
138,189,2019-03-07 20:05:23,2019-03-07 20:38:59,33,72323
138,189,2019-03-07 20:56:10,2019-03-07 21:30:02,33,75370
138,189,2019-03-07 20:12:40,2019-03-07 20:50:34,37,72760
138,189,2019-03-07 21:04:30,2019-03-07 21:37:50,33,75870
138,189,2019-03-07 22:39:34,2019-03-07 23:02:23,22,81574
138,189,2019-03-07 23:32:14,2019-03-07 23:51:48,19,84734
138,189,2019-03-07 23:22:53,2019-03-07 23:45:18,22,84173
138,189,2019-03-07 23:13:32,2019-03-07 23:37:35,24,83612
138,189,2019-03-07 23:49:07,2019-03-08 00:25:05,35,85747
138,189,2019-03-08 07:37:27,2019-03-08 08:24:37,47,27447
138,189,2019-03-08 09:56:48,2019-03-08 10:30:20,33,35808
138,189,2019-03-08 09:13:27,2019-03-08 10:10:36,57,33207
138,189,2019-03-08 12:15:36,2019-03-08 13:06:55,51,44136
138,189,2019-03-08 12:14:53,2019-03-08 13:03:01,48,44093
138,189,2019-03-08 12:53:54,2019-03-08 13:38:03,44,46434
138,189,2019-03-08 12:30:58,2019-03-08 13:19:39,48,45058
138,189,2019-03-08 12:58:34,2019-03-08 13:30:25,31,46714
138,189,2019-03-08 13:01:07,2019-03-08 13:47:43,46,46867
138,189,2019-03-08 14:09:59,2019-03-08 15:05:07,55,50999
138,189,2019-03-08 14:59:00,2019-03-08 15:51:03,52,53940
138,189,2019-03-08 14:35:58,2019-03-08 15:23:42,47,52558
138,189,2019-03-08 14:34:23,2019-03-08 15:26:18,51,52463
138,189,2019-03-08 15:00:43,2019-03-08 15:44:09,43,54043
138,189,2019-03-08 15:46:12,2019-03-08 16:42:45,56,56772
138,189,2019-03-08 16:33:05,2019-03-08 17:29:02,55,59585
138,189,2019-03-08 17:20:56,2019-03-08 18:12:52,51,62456
138,189,2019-03-08 17:23:46,2019-03-08 18:13:49,50,62626
138,189,2019-03-08 17:46:24,2019-03-08 18:40:45,54,63984
138,189,2019-03-08 17:57:42,2019-03-08 18:49:40,51,64662
138,189,2019-03-08 18:46:44,2019-03-08 19:27:40,40,67604
138,189,2019-03-08 18:02:43,2019-03-08 18:57:00,54,64963
138,189,2019-03-08 18:51:58,2019-03-08 19:36:14,44,67918
138,189,2019-03-08 18:29:13,2019-03-08 19:09:56,40,66553
138,189,2019-03-08 19:03:43,2019-03-08 19:44:01,40,68623
138,189,2019-03-08 20:01:00,2019-03-08 20:33:19,32,72060
138,189,2019-03-08 20:47:14,2019-03-08 21:18:20,31,74834
138,189,2019-03-08 21:17:24,2019-03-08 21:46:09,28,76644
138,189,2019-03-08 21:41:17,2019-03-08 22:17:46,36,78077
138,189,2019-03-08 23:28:05,2019-03-09 00:03:10,35,84485
138,189,2019-03-09 00:04:08,2019-03-09 00:36:49,32,248
138,189,2019-03-09 00:08:11,2019-03-09 00:30:18,22,491
138,189,2019-03-09 11:05:36,2019-03-09 11:49:54,44,39936
138,189,2019-03-09 12:46:24,2019-03-09 13:29:13,42,45984
138,189,2019-03-09 14:07:23,2019-03-09 14:54:26,47,50843
138,189,2019-03-09 15:09:17,2019-03-09 15:47:44,38,54557
138,189,2019-03-09 17:14:16,2019-03-09 17:50:38,36,62056
138,189,2019-03-09 17:28:55,2019-03-09 18:11:05,42,62935
138,189,2019-03-09 18:02:09,2019-03-09 18:46:09,44,64929
138,189,2019-03-09 18:09:45,2019-03-09 18:53:39,43,65385
138,189,2019-03-09 18:04:23,2019-03-09 18:47:51,43,65063
138,189,2019-03-09 18:43:26,2019-03-09 19:22:24,38,67406
138,189,2019-03-09 23:18:16,2019-03-09 23:49:15,30,83896
138,189,2019-03-09 23:40:19,2019-03-10 00:05:48,25,85219
138,189,2019-03-09 23:22:43,2019-03-09 23:48:45,26,84163
138,189,2019-03-09 23:18:17,2019-03-09 23:46:03,27,83897
138,189,2019-03-10 00:01:54,2019-03-10 00:29:13,27,114
138,189,2019-03-10 00:57:17,2019-03-10 01:19:34,22,3437
138,189,2019-03-10 11:57:39,2019-03-10 12:36:31,38,43059
138,189,2019-03-10 11:33:33,2019-03-10 12:00:41,27,41613
138,189,2019-03-10 12:52:12,2019-03-10 13:21:26,29,46332
138,189,2019-03-10 13:43:25,2019-03-10 14:09:16,25,49405
138,189,2019-03-10 14:13:13,2019-03-10 14:39:55,26,51193
138,189,2019-03-10 15:09:21,2019-03-10 15:44:27,35,54561
138,189,2019-03-10 16:08:10,2019-03-10 16:46:53,38,58090
138,189,2019-03-10 16:16:04,2019-03-10 16:54:10,38,58564
138,189,2019-03-10 17:14:46,2019-03-10 17:46:20,31,62086
138,189,2019-03-10 18:34:50,2019-03-10 19:03:57,29,66890
138,189,2019-03-10 19:56:48,2019-03-10 20:26:10,29,71808
138,189,2019-03-10 19:13:09,2019-03-10 19:42:29,29,69189
138,189,2019-03-10 20:35:28,2019-03-10 21:03:30,28,74128
138,189,2019-03-10 20:29:04,2019-03-10 21:10:00,40,73744
138,189,2019-03-10 20:08:45,2019-03-10 20:37:36,28,72525
138,189,2019-03-10 20:23:20,2019-03-10 20:48:24,25,73400
138,189,2019-03-10 21:00:46,2019-03-10 21:36:15,35,75646
138,189,2019-03-10 21:07:52,2019-03-10 21:45:13,37,76072
138,189,2019-03-10 21:30:10,2019-03-10 22:01:05,30,77410
138,189,2019-03-10 22:18:18,2019-03-10 22:40:58,22,80298
138,189,2019-03-10 22:06:40,2019-03-10 22:31:06,24,79600
138,189,2019-03-10 22:06:41,2019-03-10 22:31:35,24,79601
138,189,2019-03-10 23:22:11,2019-03-10 23:44:54,22,84131
138,189,2019-03-10 23:53:47,2019-03-11 00:18:39,24,86027
138,189,2019-03-10 23:53:06,2019-03-11 00:19:55,26,85986
138,189,2019-03-10 23:50:05,2019-03-11 00:15:11,25,85805
138,189,2019-03-11 00:28:12,2019-03-11 00:52:24,24,1692
138,189,2019-03-11 00:09:48,2019-03-11 00:33:42,23,588
138,189,2019-03-11 08:23:45,2019-03-11 09:10:22,46,30225
138,189,2019-03-11 14:31:35,2019-03-11 15:14:16,42,52295
138,189,2019-03-11 15:28:34,2019-03-11 16:25:09,56,55714
138,189,2019-03-11 15:25:52,2019-03-11 16:24:08,58,55552
138,189,2019-03-11 18:12:35,2019-03-11 19:03:27,50,65555
138,189,2019-03-11 18:49:04,2019-03-11 19:29:38,40,67744
138,189,2019-03-11 19:02:24,2019-03-11 19:35:11,32,68544
138,189,2019-03-11 20:20:47,2019-03-11 20:58:55,38,73247
138,189,2019-03-11 20:56:32,2019-03-11 21:17:57,21,75392
138,189,2019-03-11 20:06:18,2019-03-11 20:37:38,31,72378
138,189,2019-03-11 21:02:59,2019-03-11 21:31:12,28,75779
138,189,2019-03-11 21:28:37,2019-03-11 22:09:35,40,77317
138,189,2019-03-11 21:11:20,2019-03-11 21:39:26,28,76280
138,189,2019-03-11 22:32:38,2019-03-11 22:57:05,24,81158
138,189,2019-03-11 23:31:06,2019-03-11 23:58:54,27,84666
138,189,2019-03-11 23:14:16,2019-03-11 23:42:43,28,83656
138,189,2019-03-12 09:25:51,2019-03-12 10:17:29,51,33951
138,189,2019-03-12 09:59:52,2019-03-12 10:47:08,47,35992
138,189,2019-03-12 15:28:50,2019-03-12 16:18:50,50,55730
138,189,2019-03-12 17:01:55,2019-03-12 17:45:52,43,61315
138,189,2019-03-12 17:56:18,2019-03-12 18:46:19,50,64578
138,189,2019-03-12 17:37:16,2019-03-12 18:19:39,42,63436
138,189,2019-03-12 17:44:17,2019-03-12 18:27:23,43,63857
138,189,2019-03-12 17:27:43,2019-03-12 18:18:52,51,62863
138,189,2019-03-12 18:03:29,2019-03-12 18:42:48,39,65009
138,189,2019-03-12 18:20:57,2019-03-12 18:58:15,37,66057
138,189,2019-03-12 20:01:59,2019-03-12 20:30:11,28,72119
138,189,2019-03-12 20:00:56,2019-03-12 20:26:39,25,72056
138,189,2019-03-12 21:44:17,2019-03-12 22:12:44,28,78257
138,189,2019-03-12 21:02:57,2019-03-12 21:41:02,38,75777
138,189,2019-03-12 22:02:43,2019-03-12 22:28:50,26,79363
138,189,2019-03-12 22:51:39,2019-03-12 23:17:45,26,82299
138,189,2019-03-12 23:38:34,2019-03-13 00:05:08,26,85114
138,189,2019-03-12 23:49:40,2019-03-13 00:14:45,25,85780
138,189,2019-03-13 10:15:24,2019-03-13 10:54:38,39,36924
138,189,2019-03-13 11:56:26,2019-03-13 12:22:59,26,42986
138,189,2019-03-13 12:10:20,2019-03-13 12:38:42,28,43820
138,189,2019-03-13 15:03:33,2019-03-13 15:40:45,37,54213
138,189,2019-03-13 18:37:27,2019-03-13 19:14:34,37,67047
138,189,2019-03-13 19:20:40,2019-03-13 20:01:10,40,69640
138,189,2019-03-13 19:15:42,2019-03-13 19:46:05,30,69342
138,189,2019-03-13 19:47:36,2019-03-13 20:17:57,30,71256
138,189,2019-03-13 20:51:48,2019-03-13 21:17:24,25,75108
138,189,2019-03-13 21:49:51,2019-03-13 22:11:54,22,78591
138,189,2019-03-14 08:38:13,2019-03-14 09:24:14,46,31093
138,189,2019-03-14 09:05:10,2019-03-14 09:52:03,46,32710
138,189,2019-03-14 11:07:34,2019-03-14 11:45:41,38,40054
138,189,2019-03-14 13:43:09,2019-03-14 14:10:53,27,49389
138,189,2019-03-14 15:32:05,2019-03-14 16:13:48,41,55925
138,189,2019-03-14 17:12:41,2019-03-14 18:04:01,51,61961
138,189,2019-03-14 18:56:10,2019-03-14 19:40:57,44,68170
138,189,2019-03-14 20:02:09,2019-03-14 20:35:39,33,72129
138,189,2019-03-14 20:57:50,2019-03-14 21:29:45,31,75470
138,189,2019-03-14 20:16:23,2019-03-14 20:49:18,32,72983
138,189,2019-03-14 22:35:20,2019-03-14 22:58:06,22,81320
138,189,2019-03-14 22:18:01,2019-03-14 22:43:07,25,80281
138,189,2019-03-14 22:02:10,2019-03-14 22:30:42,28,79330
138,189,2019-03-14 23:50:27,2019-03-15 00:11:34,21,85827
138,189,2019-03-14 23:10:05,2019-03-14 23:32:45,22,83405
138,189,2019-03-15 00:19:38,2019-03-15 00:42:45,23,1178
138,189,2019-03-15 00:14:31,2019-03-15 00:36:48,22,871
138,189,2019-03-15 01:19:09,2019-03-15 01:39:36,20,4749
138,189,2019-03-15 08:54:38,2019-03-15 09:46:45,52,32078
138,189,2019-03-15 08:45:43,2019-03-15 09:37:53,52,31543
138,189,2019-03-15 10:57:25,2019-03-15 11:36:04,38,39445
138,189,2019-03-15 09:59:57,2019-03-15 10:48:53,48,35997
138,189,2019-03-15 13:28:50,2019-03-15 14:05:45,36,48530
138,189,2019-03-15 15:07:20,2019-03-15 15:51:37,44,54440
138,189,2019-03-15 17:43:33,2019-03-15 18:42:51,59,63813
138,189,2019-03-15 18:19:07,2019-03-15 19:06:29,47,65947
138,189,2019-03-15 18:17:40,2019-03-15 19:08:01,50,65860
138,189,2019-03-15 18:46:19,2019-03-15 19:27:03,40,67579
138,189,2019-03-15 20:02:44,2019-03-15 20:50:45,48,72164
138,189,2019-03-15 20:02:02,2019-03-15 20:41:23,39,72122
138,189,2019-03-16 00:00:35,2019-03-16 00:32:28,31,35
138,189,2019-03-16 00:25:56,2019-03-16 00:51:01,25,1556
138,189,2019-03-16 00:01:48,2019-03-16 00:35:03,33,108
138,189,2019-03-16 00:22:24,2019-03-16 00:52:31,30,1344
138,189,2019-03-16 01:11:36,2019-03-16 01:36:06,24,4296
138,189,2019-03-16 01:47:31,2019-03-16 02:13:14,25,6451
138,189,2019-03-16 10:54:06,2019-03-16 11:19:52,25,39246
138,189,2019-03-16 10:31:55,2019-03-16 11:05:31,33,37915
138,189,2019-03-16 11:39:36,2019-03-16 12:09:41,30,41976
138,189,2019-03-16 11:14:40,2019-03-16 11:49:02,34,40480
138,189,2019-03-16 14:13:23,2019-03-16 14:48:26,35,51203
138,189,2019-03-16 15:42:15,2019-03-16 16:29:32,47,56535
138,189,2019-03-16 18:14:32,2019-03-16 18:51:59,37,65672
138,189,2019-03-16 20:12:46,2019-03-16 20:39:58,27,72766
138,189,2019-03-16 20:28:52,2019-03-16 20:57:45,28,73732
138,189,2019-03-16 21:10:16,2019-03-16 21:42:38,32,76216
138,189,2019-03-16 21:05:04,2019-03-16 21:39:47,34,75904
138,189,2019-03-16 23:35:42,2019-03-17 00:00:22,24,84942
138,189,2019-03-17 12:07:46,2019-03-17 12:45:09,37,43666
138,189,2019-03-17 12:59:43,2019-03-17 13:26:53,27,46783
138,189,2019-03-17 14:17:19,2019-03-17 14:51:06,33,51439
138,189,2019-03-17 13:18:49,2019-03-17 13:53:17,34,47929
138,189,2019-03-17 14:04:16,2019-03-17 14:31:16,27,50656
138,189,2019-03-17 15:07:55,2019-03-17 15:42:02,34,54475
138,189,2019-03-17 16:14:13,2019-03-17 16:50:03,35,58453
138,189,2019-03-17 18:10:06,2019-03-17 18:56:09,46,65406
138,189,2019-03-17 19:14:52,2019-03-17 19:47:15,32,69292
138,189,2019-03-17 19:44:10,2019-03-17 20:17:09,32,71050
138,189,2019-03-17 19:48:12,2019-03-17 20:23:43,35,71292
138,189,2019-03-17 20:37:09,2019-03-17 21:05:01,27,74229
138,189,2019-03-17 20:22:46,2019-03-17 20:52:55,30,73366
138,189,2019-03-17 21:41:25,2019-03-17 22:10:33,29,78085
138,189,2019-03-17 21:12:59,2019-03-17 21:43:17,30,76379
138,189,2019-03-17 21:00:23,2019-03-17 21:31:50,31,75623
138,189,2019-03-17 22:38:05,2019-03-17 23:02:55,24,81485
138,189,2019-03-17 22:43:14,2019-03-17 23:08:07,24,81794
138,189,2019-03-17 23:06:10,2019-03-17 23:32:08,25,83170
138,189,2019-03-17 23:53:55,2019-03-18 00:15:58,22,86035
138,189,2019-03-17 23:39:51,2019-03-18 00:01:10,21,85191
138,189,2019-03-18 00:33:26,2019-03-18 00:55:07,21,2006
138,189,2019-03-18 11:51:36,2019-03-18 12:47:28,55,42696
138,189,2019-03-18 14:52:03,2019-03-18 15:30:30,38,53523
138,189,2019-03-18 14:31:57,2019-03-18 15:09:59,38,52317
138,189,2019-03-18 15:37:41,2019-03-18 16:28:40,50,56261
138,189,2019-03-18 16:48:29,2019-03-18 17:28:38,40,60509
138,189,2019-03-18 16:11:22,2019-03-18 16:56:19,44,58282
138,189,2019-03-18 17:16:10,2019-03-18 18:06:17,50,62170
138,189,2019-03-18 17:44:34,2019-03-18 18:20:32,35,63874
138,189,2019-03-18 19:58:41,2019-03-18 20:23:07,24,71921
138,189,2019-03-18 20:35:13,2019-03-18 21:08:10,32,74113
138,189,2019-03-18 20:24:59,2019-03-18 20:53:01,28,73499
138,189,2019-03-18 21:16:14,2019-03-18 21:39:01,22,76574
138,189,2019-03-18 21:36:39,2019-03-18 22:01:33,24,77799
138,189,2019-03-18 22:18:33,2019-03-18 22:43:23,24,80313
138,189,2019-03-18 22:41:23,2019-03-18 23:04:40,23,81683
138,189,2019-03-18 23:10:56,2019-03-18 23:38:31,27,83456
138,189,2019-03-19 13:42:09,2019-03-19 14:16:25,34,49329
138,189,2019-03-19 14:25:53,2019-03-19 15:14:05,48,51953
138,189,2019-03-19 17:46:43,2019-03-19 18:41:14,54,64003
138,189,2019-03-19 17:18:24,2019-03-19 18:10:40,52,62304
138,189,2019-03-19 18:23:38,2019-03-19 18:55:18,31,66218
138,189,2019-03-19 18:05:13,2019-03-19 18:53:57,48,65113
138,189,2019-03-19 19:26:08,2019-03-19 19:56:18,30,69968
138,189,2019-03-19 19:53:32,2019-03-19 20:20:44,27,71612
138,189,2019-03-19 19:53:07,2019-03-19 20:25:28,32,71587
138,189,2019-03-19 20:26:32,2019-03-19 20:52:21,25,73592
138,189,2019-03-19 21:31:31,2019-03-19 21:55:27,23,77491
138,189,2019-03-19 21:56:28,2019-03-19 22:19:02,22,78988
138,189,2019-03-19 21:56:11,2019-03-19 22:21:23,25,78971
138,189,2019-03-19 21:45:38,2019-03-19 22:09:39,24,78338
138,189,2019-03-19 22:47:47,2019-03-19 23:11:05,23,82067
138,189,2019-03-19 23:40:38,2019-03-20 00:04:04,23,85238
138,189,2019-03-19 23:38:36,2019-03-19 23:57:48,19,85116
138,189,2019-03-19 23:34:23,2019-03-19 23:59:42,25,84863
138,189,2019-03-20 07:33:55,2019-03-20 08:24:47,50,27235
138,189,2019-03-20 08:34:59,2019-03-20 09:32:31,57,30899
138,189,2019-03-20 09:46:21,2019-03-20 10:30:08,43,35181
138,189,2019-03-20 09:42:47,2019-03-20 10:35:11,52,34967
138,189,2019-03-20 10:26:00,2019-03-20 11:15:01,49,37560
138,189,2019-03-20 11:53:45,2019-03-20 12:22:12,28,42825
138,189,2019-03-20 15:16:17,2019-03-20 16:09:45,53,54977
138,189,2019-03-20 15:11:33,2019-03-20 15:59:22,47,54693
138,189,2019-03-20 15:17:01,2019-03-20 16:12:49,55,55021
138,189,2019-03-20 19:31:22,2019-03-20 20:02:27,31,70282
138,189,2019-03-20 19:45:43,2019-03-20 20:15:23,29,71143
138,189,2019-03-20 19:24:26,2019-03-20 19:54:12,29,69866
138,189,2019-03-20 19:32:57,2019-03-20 20:08:10,35,70377
138,189,2019-03-20 19:33:07,2019-03-20 20:01:38,28,70387
138,189,2019-03-20 21:59:00,2019-03-20 22:24:32,25,79140
138,189,2019-03-20 21:06:51,2019-03-20 21:30:05,23,76011
138,189,2019-03-20 21:39:50,2019-03-20 22:00:56,21,77990
138,189,2019-03-20 21:14:02,2019-03-20 21:37:57,23,76442
138,189,2019-03-20 21:10:39,2019-03-20 21:34:28,23,76239
138,189,2019-03-20 21:22:23,2019-03-20 21:49:16,26,76943
138,189,2019-03-20 22:05:20,2019-03-20 22:29:03,23,79520
138,189,2019-03-20 22:53:36,2019-03-20 23:16:38,23,82416
138,189,2019-03-21 13:02:00,2019-03-21 13:47:40,45,46920
138,189,2019-03-21 13:55:45,2019-03-21 14:30:49,35,50145
138,189,2019-03-21 17:59:55,2019-03-21 18:56:06,56,64795
138,189,2019-03-21 17:03:02,2019-03-21 17:59:59,56,61382
138,189,2019-03-21 18:07:50,2019-03-21 19:05:37,57,65270
138,189,2019-03-21 18:51:41,2019-03-21 19:27:40,35,67901
138,189,2019-03-21 18:16:40,2019-03-21 19:07:41,51,65800
138,189,2019-03-21 18:42:22,2019-03-21 19:30:57,48,67342
138,189,2019-03-21 18:59:21,2019-03-21 19:38:08,38,68361
138,189,2019-03-21 18:24:51,2019-03-21 19:09:35,44,66291
138,189,2019-03-21 18:43:07,2019-03-21 19:19:41,36,67387
138,189,2019-03-21 19:27:11,2019-03-21 20:00:26,33,70031
138,189,2019-03-21 19:55:21,2019-03-21 20:29:27,34,71721
138,189,2019-03-21 19:25:32,2019-03-21 19:56:40,31,69932
138,189,2019-03-21 20:36:33,2019-03-21 21:09:01,32,74193
138,189,2019-03-21 20:02:35,2019-03-21 20:28:37,26,72155
138,189,2019-03-21 20:50:23,2019-03-21 21:25:46,35,75023
138,189,2019-03-21 20:29:56,2019-03-21 20:56:12,26,73796
138,189,2019-03-21 21:11:05,2019-03-21 21:42:49,31,76265
138,189,2019-03-21 22:44:42,2019-03-21 23:18:36,33,81882
138,189,2019-03-21 22:37:04,2019-03-21 23:05:54,28,81424
138,189,2019-03-21 22:33:53,2019-03-21 23:02:34,28,81233
138,189,2019-03-22 12:33:51,2019-03-22 13:10:05,36,45231
138,189,2019-03-22 12:44:34,2019-03-22 13:26:59,42,45874
138,189,2019-03-22 12:26:34,2019-03-22 13:02:27,35,44794
138,189,2019-03-22 12:34:06,2019-03-22 13:08:52,34,45246
138,189,2019-03-22 13:30:25,2019-03-22 14:04:04,33,48625
138,189,2019-03-22 13:17:43,2019-03-22 13:55:53,38,47863
138,189,2019-03-22 13:09:13,2019-03-22 13:38:19,29,47353
138,189,2019-03-22 13:44:24,2019-03-22 14:29:02,44,49464
138,189,2019-03-22 15:54:15,2019-03-22 16:48:33,54,57255
138,189,2019-03-22 16:38:40,2019-03-22 17:30:50,52,59920
138,189,2019-03-22 16:12:26,2019-03-22 16:59:10,46,58346
138,189,2019-03-22 17:03:37,2019-03-22 17:59:59,56,61417
138,189,2019-03-22 17:12:36,2019-03-22 18:05:07,52,61956
138,189,2019-03-22 20:58:58,2019-03-22 21:28:35,29,75538
138,189,2019-03-22 20:02:09,2019-03-22 20:35:42,33,72129
138,189,2019-03-22 23:35:33,2019-03-23 00:05:16,29,84933
138,189,2019-03-22 23:42:20,2019-03-23 00:06:53,24,85340
138,189,2019-03-22 23:52:16,2019-03-23 00:17:52,25,85936
138,189,2019-03-22 23:45:57,2019-03-23 00:10:53,24,85557
138,189,2019-03-23 00:31:02,2019-03-23 00:56:03,25,1862
138,189,2019-03-23 04:45:59,2019-03-23 05:06:15,20,17159
138,189,2019-03-23 08:45:08,2019-03-23 09:15:03,29,31508
138,189,2019-03-23 09:32:20,2019-03-23 10:18:12,45,34340
138,189,2019-03-23 11:11:10,2019-03-23 11:42:17,31,40270
138,189,2019-03-23 11:05:35,2019-03-23 11:39:09,33,39935
138,189,2019-03-23 12:26:20,2019-03-23 12:55:07,28,44780
138,189,2019-03-23 13:49:44,2019-03-23 14:32:30,42,49784
138,189,2019-03-23 13:29:50,2019-03-23 14:04:08,34,48590
138,189,2019-03-23 14:12:23,2019-03-23 14:54:05,41,51143
138,189,2019-03-23 16:14:29,2019-03-23 16:50:11,35,58469
138,189,2019-03-23 16:29:54,2019-03-23 17:07:31,37,59394
138,189,2019-03-23 16:47:57,2019-03-23 17:23:08,35,60477
138,189,2019-03-23 17:25:09,2019-03-23 18:01:02,35,62709
138,189,2019-03-23 17:46:21,2019-03-23 18:24:20,37,63981
138,189,2019-03-23 18:52:05,2019-03-23 19:29:53,37,67925
138,189,2019-03-23 19:52:46,2019-03-23 20:19:21,26,71566
138,189,2019-03-23 19:29:25,2019-03-23 20:00:16,30,70165
138,189,2019-03-23 21:01:15,2019-03-23 21:32:58,31,75675
138,189,2019-03-23 21:15:27,2019-03-23 21:48:35,33,76527
138,189,2019-03-24 10:34:27,2019-03-24 11:13:07,38,38067
138,189,2019-03-24 13:25:53,2019-03-24 14:03:26,37,48353
138,189,2019-03-24 13:27:17,2019-03-24 14:02:47,35,48437
138,189,2019-03-24 13:49:53,2019-03-24 14:23:43,33,49793
138,189,2019-03-24 14:58:16,2019-03-24 15:40:45,42,53896
138,189,2019-03-24 15:50:03,2019-03-24 16:28:56,38,57003
138,189,2019-03-24 15:27:41,2019-03-24 16:22:53,55,55661
138,189,2019-03-24 16:50:54,2019-03-24 17:30:38,39,60654
138,189,2019-03-24 16:32:50,2019-03-24 17:06:31,33,59570
138,189,2019-03-24 16:26:22,2019-03-24 16:58:49,32,59182
138,189,2019-03-24 17:02:57,2019-03-24 17:40:40,37,61377
138,189,2019-03-24 17:40:51,2019-03-24 18:21:34,40,63651
138,189,2019-03-24 17:50:59,2019-03-24 18:26:58,35,64259
138,189,2019-03-24 17:56:13,2019-03-24 18:34:32,38,64573
138,189,2019-03-24 17:52:31,2019-03-24 18:24:30,31,64351
138,189,2019-03-24 17:07:41,2019-03-24 17:51:19,43,61661
138,189,2019-03-24 19:15:58,2019-03-24 19:48:07,32,69358
138,189,2019-03-24 19:57:17,2019-03-24 20:33:26,36,71837
138,189,2019-03-24 20:26:10,2019-03-24 20:54:50,28,73570
138,189,2019-03-24 20:11:09,2019-03-24 20:41:30,30,72669
138,189,2019-03-24 21:53:28,2019-03-24 22:21:29,28,78808
138,189,2019-03-24 21:40:36,2019-03-24 22:11:50,31,78036
138,189,2019-03-24 21:44:10,2019-03-24 22:11:09,26,78250
138,189,2019-03-24 22:02:22,2019-03-24 22:35:08,32,79342
138,189,2019-03-24 23:28:00,2019-03-24 23:49:50,21,84480
138,189,2019-03-24 23:54:24,2019-03-25 00:18:20,23,86064
138,189,2019-03-24 23:15:53,2019-03-24 23:36:39,20,83753
138,189,2019-03-25 00:27:03,2019-03-25 00:48:32,21,1623
138,189,2019-03-25 00:20:30,2019-03-25 00:42:16,21,1230
138,189,2019-03-25 08:57:07,2019-03-25 09:42:37,45,32227
138,189,2019-03-25 09:11:11,2019-03-25 09:53:45,42,33071
138,189,2019-03-25 12:37:08,2019-03-25 13:05:15,28,45428
138,189,2019-03-25 13:05:54,2019-03-25 13:38:45,32,47154
138,189,2019-03-25 14:07:41,2019-03-25 14:51:42,44,50861
138,189,2019-03-25 14:59:06,2019-03-25 15:40:12,41,53946
138,189,2019-03-25 16:39:12,2019-03-25 17:14:22,35,59952
138,189,2019-03-25 17:08:21,2019-03-25 17:50:08,41,61701
138,189,2019-03-25 17:05:21,2019-03-25 17:48:41,43,61521
138,189,2019-03-25 17:00:41,2019-03-25 17:46:39,45,61241
138,189,2019-03-25 19:34:06,2019-03-25 20:11:20,37,70446
138,189,2019-03-25 20:10:33,2019-03-25 20:34:34,24,72633
138,189,2019-03-25 20:12:29,2019-03-25 20:40:34,28,72749
138,189,2019-03-25 20:10:39,2019-03-25 20:37:35,26,72639
138,189,2019-03-25 20:11:46,2019-03-25 20:39:15,27,72706
138,189,2019-03-25 20:40:09,2019-03-25 21:03:49,23,74409
138,189,2019-03-25 22:14:27,2019-03-25 22:36:23,21,80067
138,189,2019-03-25 22:10:46,2019-03-25 22:35:31,24,79846
138,189,2019-03-25 22:04:15,2019-03-25 22:27:21,23,79455
138,189,2019-03-25 22:41:26,2019-03-25 23:09:42,28,81686
138,189,2019-03-25 22:17:58,2019-03-25 22:41:16,23,80278
138,189,2019-03-25 23:28:36,2019-03-25 23:52:15,23,84516
138,189,2019-03-25 23:31:55,2019-03-25 23:58:03,26,84715
138,189,2019-03-26 00:13:42,2019-03-26 00:33:55,20,822
138,189,2019-03-26 08:59:24,2019-03-26 09:46:44,47,32364
138,189,2019-03-26 14:24:29,2019-03-26 15:01:46,37,51869
138,189,2019-03-26 15:46:03,2019-03-26 16:27:43,41,56763
138,189,2019-03-26 15:31:39,2019-03-26 16:21:54,50,55899
138,189,2019-03-26 15:48:40,2019-03-26 16:37:21,48,56920
138,189,2019-03-26 16:42:48,2019-03-26 17:36:17,53,60168
138,189,2019-03-26 16:22:09,2019-03-26 17:17:43,55,58929
138,189,2019-03-26 16:03:40,2019-03-26 16:44:16,40,57820
138,189,2019-03-26 16:11:15,2019-03-26 16:59:19,48,58275
138,189,2019-03-26 17:25:11,2019-03-26 18:19:56,54,62711
138,189,2019-03-26 18:11:05,2019-03-26 18:48:53,37,65465
138,189,2019-03-26 18:31:16,2019-03-26 19:00:19,29,66676
138,189,2019-03-26 19:34:45,2019-03-26 20:06:11,31,70485
138,189,2019-03-26 20:21:28,2019-03-26 20:48:53,27,73288
138,189,2019-03-26 20:07:13,2019-03-26 20:34:52,27,72433
138,189,2019-03-26 22:26:39,2019-03-26 22:51:36,24,80799
138,189,2019-03-26 22:23:13,2019-03-26 22:42:37,19,80593
138,189,2019-03-26 22:50:35,2019-03-26 23:15:19,24,82235
138,189,2019-03-27 00:40:45,2019-03-27 01:00:57,20,2445
138,189,2019-03-27 00:15:37,2019-03-27 00:39:58,24,937
138,189,2019-03-27 00:07:34,2019-03-27 00:30:55,23,454
138,189,2019-03-27 09:57:03,2019-03-27 10:30:23,33,35823
138,189,2019-03-27 10:38:22,2019-03-27 11:22:46,44,38302
138,189,2019-03-27 11:14:39,2019-03-27 11:41:04,26,40479
138,189,2019-03-27 11:59:00,2019-03-27 12:24:01,25,43140
138,189,2019-03-27 13:12:55,2019-03-27 13:52:23,39,47575
138,189,2019-03-27 14:55:50,2019-03-27 15:45:53,50,53750
138,189,2019-03-27 15:56:45,2019-03-27 16:45:57,49,57405
138,189,2019-03-27 15:13:22,2019-03-27 16:02:30,49,54802
138,189,2019-03-27 16:08:27,2019-03-27 17:02:33,54,58107
138,189,2019-03-27 15:58:06,2019-03-27 16:51:53,53,57486
138,189,2019-03-27 16:29:40,2019-03-27 17:20:28,50,59380
138,189,2019-03-27 17:04:09,2019-03-27 17:45:55,41,61449
138,189,2019-03-27 17:51:55,2019-03-27 18:45:09,53,64315
138,189,2019-03-27 17:15:49,2019-03-27 18:05:39,49,62149
138,189,2019-03-27 19:21:13,2019-03-27 19:49:47,28,69673
138,189,2019-03-27 20:03:41,2019-03-27 20:36:50,33,72221
138,189,2019-03-27 20:25:10,2019-03-27 20:54:21,29,73510
138,189,2019-03-27 20:28:44,2019-03-27 20:54:34,25,73724
138,189,2019-03-27 21:05:53,2019-03-27 21:33:25,27,75953
138,189,2019-03-27 21:57:47,2019-03-27 22:20:19,22,79067
138,189,2019-03-27 21:04:54,2019-03-27 21:29:49,24,75894
138,189,2019-03-27 22:50:31,2019-03-27 23:15:23,24,82231
138,189,2019-03-28 00:16:32,2019-03-28 00:37:34,21,992
138,189,2019-03-28 00:20:36,2019-03-28 00:40:54,20,1236
138,189,2019-03-28 12:59:16,2019-03-28 13:38:38,39,46756
138,189,2019-03-28 12:28:57,2019-03-28 13:07:11,38,44937
138,189,2019-03-28 12:20:57,2019-03-28 12:59:30,38,44457
138,189,2019-03-28 16:20:03,2019-03-28 17:17:25,57,58803
138,189,2019-03-28 17:53:59,2019-03-28 18:43:08,49,64439
138,189,2019-03-28 16:56:47,2019-03-28 17:49:06,52,61007
138,189,2019-03-28 18:31:44,2019-03-28 19:15:22,43,66704
138,189,2019-03-28 18:22:30,2019-03-28 19:10:19,47,66150
138,189,2019-03-28 19:16:21,2019-03-28 19:45:59,29,69381
138,189,2019-03-28 19:44:52,2019-03-28 20:24:06,39,71092
138,189,2019-03-28 19:29:27,2019-03-28 20:05:52,36,70167
138,189,2019-03-28 19:41:22,2019-03-28 20:18:27,37,70882
138,189,2019-03-28 20:29:31,2019-03-28 21:01:07,31,73771
138,189,2019-03-28 21:56:16,2019-03-28 22:22:58,26,78976
138,189,2019-03-28 21:42:15,2019-03-28 22:11:46,29,78135
138,189,2019-03-28 21:44:17,2019-03-28 22:12:59,28,78257
138,189,2019-03-28 21:59:17,2019-03-28 22:25:22,26,79157
138,189,2019-03-28 21:37:06,2019-03-28 22:00:28,23,77826
138,189,2019-03-28 21:40:55,2019-03-28 22:12:46,31,78055
138,189,2019-03-28 21:45:22,2019-03-28 22:16:11,30,78322
138,189,2019-03-28 23:44:15,2019-03-29 00:08:51,24,85455
138,189,2019-03-29 00:04:37,2019-03-29 00:25:58,21,277
138,189,2019-03-29 12:28:12,2019-03-29 12:59:00,30,44892
138,189,2019-03-29 17:55:18,2019-03-29 18:54:19,59,64518
138,189,2019-03-29 17:02:33,2019-03-29 18:01:36,59,61353
138,189,2019-03-29 18:33:46,2019-03-29 19:18:44,44,66826
138,189,2019-03-29 18:47:09,2019-03-29 19:44:38,57,67629
138,189,2019-03-29 19:22:25,2019-03-29 20:11:50,49,69745
138,189,2019-03-29 19:30:19,2019-03-29 20:25:43,55,70219
138,189,2019-03-29 21:43:06,2019-03-29 22:09:57,26,78186
138,189,2019-03-29 21:31:27,2019-03-29 22:02:26,30,77487
138,189,2019-03-29 21:39:48,2019-03-29 22:08:41,28,77988
138,189,2019-03-29 22:59:47,2019-03-29 23:27:40,27,82787
138,189,2019-03-30 11:46:50,2019-03-30 12:26:32,39,42410
138,189,2019-03-30 12:20:21,2019-03-30 13:06:51,46,44421
138,189,2019-03-30 13:26:37,2019-03-30 14:09:08,42,48397
138,189,2019-03-30 14:24:23,2019-03-30 15:00:52,36,51863
138,189,2019-03-30 14:09:08,2019-03-30 14:45:55,36,50948
138,189,2019-03-30 14:58:16,2019-03-30 15:43:47,45,53896
138,189,2019-03-30 16:40:41,2019-03-30 17:21:11,40,60041
138,189,2019-03-30 16:19:11,2019-03-30 16:59:23,40,58751
138,189,2019-03-30 17:48:09,2019-03-30 18:24:01,35,64089
138,189,2019-03-30 18:58:39,2019-03-30 19:33:31,34,68319
138,189,2019-03-30 21:17:42,2019-03-30 21:45:12,27,76662
138,189,2019-03-30 21:58:22,2019-03-30 22:30:03,31,79102
138,189,2019-03-30 23:55:59,2019-03-31 00:26:40,30,86159
138,189,2019-03-31 00:22:14,2019-03-31 00:48:48,26,1334
138,189,2019-03-31 08:37:17,2019-03-31 08:58:43,21,31037
138,189,2019-03-31 09:38:08,2019-03-31 10:11:59,33,34688
138,189,2019-03-31 09:18:42,2019-03-31 09:35:33,16,33522
138,189,2019-03-31 11:48:13,2019-03-31 12:17:52,29,42493
138,189,2019-03-31 11:04:28,2019-03-31 11:28:59,24,39868
138,189,2019-03-31 12:56:54,2019-03-31 13:33:33,36,46614
138,189,2019-03-31 12:44:50,2019-03-31 13:15:08,30,45890
138,189,2019-03-31 12:36:00,2019-03-31 13:02:30,26,45360
138,189,2019-03-31 14:41:42,2019-03-31 15:23:55,42,52902
138,189,2019-03-31 14:44:34,2019-03-31 15:21:56,37,53074
138,189,2019-03-31 14:35:59,2019-03-31 15:16:10,40,52559
138,189,2019-03-31 15:17:44,2019-03-31 15:52:16,34,55064
138,189,2019-03-31 15:24:20,2019-03-31 16:02:19,37,55460
138,189,2019-03-31 16:41:04,2019-03-31 17:18:59,37,60064
138,189,2019-03-31 16:16:00,2019-03-31 16:52:33,36,58560
138,189,2019-03-31 17:11:54,2019-03-31 17:40:57,29,61914
138,189,2019-03-31 17:12:38,2019-03-31 17:46:10,33,61958
138,189,2019-03-31 17:56:39,2019-03-31 18:31:51,35,64599
138,189,2019-03-31 17:01:37,2019-03-31 17:37:05,35,61297
138,189,2019-03-31 18:24:39,2019-03-31 18:55:51,31,66279
138,189,2019-03-31 18:27:08,2019-03-31 19:03:07,35,66428
138,189,2019-03-31 18:27:37,2019-03-31 18:56:07,28,66457
138,189,2019-03-31 18:12:37,2019-03-31 18:44:11,31,65557
138,189,2019-03-31 18:44:36,2019-03-31 19:17:04,32,67476
138,189,2019-03-31 19:50:55,2019-03-31 20:22:18,31,71455
138,189,2019-03-31 20:13:44,2019-03-31 20:40:10,26,72824
138,189,2019-03-31 20:44:55,2019-03-31 21:16:20,31,74695
138,189,2019-03-31 20:34:59,2019-03-31 21:04:27,29,74099
138,189,2019-03-31 20:11:17,2019-03-31 20:44:59,33,72677
138,189,2019-03-31 20:45:40,2019-03-31 21:15:01,29,74740
138,189,2019-03-31 21:05:52,2019-03-31 21:34:57,29,75952
138,189,2019-03-31 21:56:49,2019-03-31 22:25:01,28,79009
138,189,2019-03-31 21:15:51,2019-03-31 21:48:59,33,76551
138,189,2019-03-31 22:11:56,2019-03-31 22:56:00,44,79916
138,189,2019-03-31 22:37:24,2019-03-31 23:09:45,32,81444
138,189,2019-03-31 23:07:17,2019-03-31 23:33:24,26,83237
138,189,2019-03-31 23:48:50,2019-04-01 00:12:33,23,85730
