Starting_locationID,Dropping_locationID,Weekday,Degree,Intercept,Power_1,Power_2,Power_3,Power_4,Power_5,Power_6,Power_7,Power_8,Power_9,Power_10,Power_11,Power_12,Power_13,Power_14,Power_15,Power_16,Power_17,Power_18,Power_19,Power_20
1,2,Saturday,8,5.499795132524852,2.1769178294129954e-17,-2.484497682726455e-11,3.243839859947932e-12,6.243389228483223e-10,-2.2973158518963865e-12,3.315824899513079e-15,-2.1316482938005255e-18,5.056995619265076e-22
1,2,Sunday,18,11.844065833838318,5.428299268987941e-84,-1.3990762393247407e-46,5.483538695945954e-52,-2.7360915045592006e-55,-7.965459555662261e-59,1.5180764210712803e-68,1.0569799453323729e-65,9.694312805962793e-63,8.549759737749327e-60,7.18597196479054e-57,5.671214818445032e-54,4.1008025887366653e-51,2.6008776922622207e-48,1.3230560209356275e-45,4.2175581335374305e-43,-9.219640784436237e-46,6.7144465817602e-49,-1.6291991574343502e-52
1,2,Monday,19,11.19895428709242,8.572496502338487e-90,-7.735390157914464e-50,-6.403855807450783e-54,-1.0992023643766363e-58,5.269823820663216e-85,2.276020356869917e-74,1.3579208688114841e-71,1.2751544351663873e-68,1.1602663689547861e-65,1.0166560940957745e-62,8.494937707322934e-60,6.66629983591875e-57,4.7927453609344056e-54,3.0217400469936076e-51,1.527643495130409e-48,4.838183107123673e-46,-1.0656347491914407e-48,7.822269942459949e-52,-1.913653934108402e-55
1,2,Tuesday,8,4.5268133433428375,4.780081012781854e-17,1.167903089446321e-10,6.2994859611295406e-12,1.2203097340260704e-09,-4.539697885002806e-12,6.343547810747441e-15,-3.897591868816005e-18,8.843453001204598e-22
1,2,Wednesday,19,12.92429497364228,7.168959583489183e-90,2.34405736190636e-49,-6.210334090344826e-54,-1.476618517517543e-58,4.515519129800785e-85,1.9511107590167492e-74,1.2649745527687717e-71,1.1918326547263108e-68,1.088961865794555e-65,9.589716080942028e-63,8.059888285016261e-60,6.366851257536339e-57,4.611036036138732e-54,2.930340999050857e-51,1.4940794505138473e-48,4.774654003037686e-46,-1.0433612290475287e-48,7.597111796161976e-52,-1.843319287851645e-55
1,2,Thursday,16,11.852433717043315,7.503146992137291e-72,-2.8610308303852973e-40,-7.691090179001855e-45,1.1640340762375569e-49,6.106735460687282e-67,1.4683723285299984e-56,9.994747082591818e-54,8.322797809710271e-51,6.49398840619567e-48,4.637986572968254e-45,2.9045183447393546e-42,1.4590683502542878e-39,4.594765856173322e-37,-9.954807005485026e-40,7.185738903287032e-43,-1.7282920661074127e-46
1,2,Friday,16,10.088319854166912,6.493603512197415e-72,-2.3993624571962136e-41,-7.331958283534475e-45,1.2470875397589482e-49,4.6283788471970026e-67,2.855555955360642e-57,8.007461485254115e-54,6.719420532937441e-51,5.2823378643935206e-48,3.7997973117540476e-45,2.3958952967742288e-42,1.2113662207701671e-39,3.838098976600882e-37,-8.31089287708921e-40,6.001050388550989e-43,-1.4449509071143059e-46
1,7,Saturday,6,5.682803403615059,-5.250489933069975e-07,-9.25191129835427e-05,3.498793772761327e-07,-4.0697392004039085e-10,1.8501921032109303e-13,-2.804365324274462e-17
1,7,Sunday,6,-33.554217402037494,2.2878065631554137e-06,0.0007569720240005545,-2.1494652046042656e-06,2.5449938774326653e-09,-1.4037610975124816e-12,2.9570637084662563e-16
1,7,Monday,6,4.465290569757549,-3.299321413905094e-07,-5.94190311132672e-05,3.160585403201702e-07,-4.93513346028763e-10,3.2373138648658023e-13,-7.91497187436004e-17
1,7,Tuesday,6,4.065327949299193,-5.739488297745171e-07,-0.00010230659385135269,5.440258392507634e-07,-9.096819373761628e-10,6.249776109750972e-13,-1.537099991462856e-16
1,7,Wednesday,19,9.546304110283563,2.513649729639661e-90,-1.7995799505576008e-50,1.0976038163768545e-54,2.4905347309834434e-58,1.2400278321215908e-85,7.507173316052325e-75,4.639266460259041e-72,4.4199996678101785e-69,4.0815621769751594e-66,3.630780984800818e-63,3.0810129288120066e-60,2.456224369969759e-57,1.7945208450103267e-54,1.1500606081333306e-51,5.911412605998673e-49,1.903933632937065e-46,-4.171275088269309e-49,3.0430302765089716e-52,-7.393012101279608e-56
1,7,Thursday,7,4.492919573679973,9.116427209350974e-19,-2.643201339135023e-15,4.2388797643017036e-13,1.3062458305099693e-10,-2.512762348189749e-13,1.6428308782073868e-16,-3.667726286090611e-20
1,7,Friday,18,6.5755260170735355,3.726196126850483e-84,-1.410403368219576e-46,5.411426842599784e-51,1.283158767689661e-55,2.4629057562598134e-79,1.0305500910329442e-68,7.129944429365085e-66,6.566830920920044e-63,5.810494798472057e-60,4.895725460500199e-57,3.870685287009664e-54,2.8023397016876284e-51,1.7787584522940303e-48,9.052384977390701e-46,2.886071077455622e-43,-6.33797260213127e-46,4.638108331708397e-49,-1.1310533834853924e-52
1,17,Saturday,4,10.261470138290978,-0.027613851054803747,6.817090095551396e-05,-1.7498825467220433e-08,-1.262556308029242e-11
1,17,Sunday,15,12.887450709335749,5.799730753769329e-66,-1.7891448712518977e-37,3.8376996838652976e-42,-8.416118452594372e-47,4.99075975732491e-61,7.720750823032773e-51,6.418846510905187e-48,4.983100126463461e-45,3.5371935062103924e-42,2.2007083869453334e-39,1.0982223291568214e-36,3.435984762876354e-34,-7.424560617791207e-37,5.3466201032589905e-40,-1.2833013993931987e-43
1,17,Monday,8,7.939769733534135,3.135734788985979e-17,9.291038219049325e-11,4.209310031353656e-12,8.032733170741602e-10,-2.8957861555921532e-12,4.016093622674071e-15,-2.4740675219832534e-18,5.64487531399925e-22
1,17,Tuesday,8,6.525553847562618,2.4043145206271253e-17,-5.21232982222631e-11,3.678784608244356e-12,7.49838981541558e-10,-2.614000242359706e-12,3.4758193459128815e-15,-2.0567743526160923e-18,4.533671276979101e-22
1,17,Wednesday,8,7.752050205915566,2.5000035502734605e-17,-8.917060660344247e-12,3.3588710315731774e-12,6.465257673165985e-10,-2.2874089950659077e-12,3.196609065973721e-15,-2.0041916472114497e-18,4.660858183837652e-22
1,17,Thursday,10,12.305701221850786,2.1572426303692814e-36,2.5113335164164795e-24,1.6233419363938682e-28,1.3695203812556625e-27,8.254613554108071e-25,3.933455434537876e-22,1.1674964331696546e-19,-1.6401634618742186e-22,5.542976548988761e-26,1.446755004358769e-30
1,17,Friday,15,11.077821647846246,5.949717051906458e-66,-8.506178742631681e-38,-1.602403200655153e-42,-1.6116470515826054e-46,5.650519224941202e-61,7.795210938408933e-51,6.543326536509807e-48,5.125978413098412e-45,3.668721489685937e-42,2.2997233898606264e-39,1.1555217190182778e-36,3.638040568918052e-34,-7.772583149636328e-37,5.536456951661466e-40,-1.3148710805397048e-43
2,1,Saturday,4,14.101095093966585,-0.06845908839339652,0.00019213591897704747,-1.3136862040265293e-07,1.9802295026484028e-11
2,1,Sunday,16,17.12719885245544,5.869998205079489e-72,-2.276479000956111e-40,-6.522059263084103e-45,1.6409382983125222e-49,4.0048965122110445e-67,1.1723581427229817e-56,8.185373754833721e-54,6.823469962914433e-51,5.331315658652901e-48,3.813639967091768e-45,2.3924801513353398e-42,1.2041120986032612e-39,3.799299926249016e-37,-8.319290387625964e-40,6.06900040548859e-43,-1.4751602274738565e-46
2,1,Monday,16,15.177077444674495,1.2462474099159842e-71,-8.902400669069467e-41,-6.6436617128113224e-46,-5.6576532892233416e-49,7.844546043070528e-67,7.192974434958787e-57,1.19805754188891e-53,9.854513272586806e-51,7.604499021622012e-48,5.374968116608002e-45,3.3324115627043984e-42,1.6575291633565638e-39,5.168423125061386e-37,-1.1396519795716644e-39,8.375164939874911e-43,-2.0513080326177462e-46
2,1,Tuesday,8,7.26133270095357,4.038482944103958e-17,5.39058800100584e-11,5.443651917807637e-12,1.063967185800206e-09,-3.703147838245795e-12,4.8965787303017225e-15,-2.877521221499078e-18,6.299535277437984e-22
2,1,Wednesday,8,8.773935119132933,2.84013016448281e-17,3.9630498099738905e-11,3.679818692301376e-12,7.04276913674027e-10,-2.3059645024304244e-12,3.0437887038287636e-15,-1.8423152643531632e-18,4.203203976028217e-22
2,1,Thursday,8,8.110777234172517,3.116868563865598e-17,5.235699279924454e-11,4.561218323539897e-12,9.252601154573148e-10,-3.1334724108246246e-12,4.144357214769468e-15,-2.474212078466219e-18,5.543302639044952e-22
2,1,Friday,17,12.987331999970621,8.704813503671832e-78,3.4364985124325047e-43,4.708621740091034e-48,4.666268165589265e-52,4.3385424116519226e-73,1.968680090969696e-62,1.2620511361015577e-59,1.111364363550775e-56,9.311746892942417e-54,7.318458354897955e-51,5.2665923237062015e-48,3.322976601450747e-45,1.681263762118926e-42,5.329961490064859e-40,-1.1805903669502515e-42,8.71316386121591e-46,-2.142579138410532e-49
2,3,Saturday,8,6.023718491578263,1.4043531333756402e-17,1.7965974650566943e-11,2.0670011375826787e-12,4.010480318351714e-10,-1.3741228274838009e-12,1.7897200404841683e-15,-1.0309964801844888e-18,2.200051018779693e-22
2,3,Sunday,6,-83.49790681281262,6.312273120697755e-06,0.0021740523705337817,-6.58527692087839e-06,8.006746840869764e-09,-4.414446940810707e-12,9.144204202032898e-16
2,3,Monday,20,9.493880693786036,1.2718994009479576e-96,6.346564757105634e-53,1.9955250508221025e-57,1.3632788699015803e-61,-1.8991135491519597e-65,4.088689813794135e-81,2.5143090393320967e-78,2.455302145161743e-75,2.335210791948823e-72,2.1543109032565071e-69,1.9150508575825914e-66,1.623958814078614e-63,1.2935640559249705e-60,9.440781567508332e-58,6.0423004016850855e-55,3.100770309196161e-52,9.967811048121656e-50,-2.1285962253820578e-52,1.5164663651390868e-55,-3.603919865586869e-59
2,3,Tuesday,8,6.554651093749765,2.997809225363579e-17,9.930123989306869e-12,4.411333590561792e-12,8.968275317623734e-10,-3.3565067619659923e-12,4.654590106790792e-15,-2.8161102968336358e-18,6.267707877897327e-22
2,3,Wednesday,8,6.72830345301424,3.3885232831782376e-17,4.1033022303301985e-11,4.746909028737697e-12,9.299316352959465e-10,-3.3694507487176144e-12,4.521523223847687e-15,-2.6494004819788317e-18,5.7171457307782865e-22
2,3,Thursday,5,9.048314536735443,-0.020775541180278054,0.00016741167586825152,-4.107938895452882e-07,3.9843410326311993e-10,-1.2970984383233625e-13
2,3,Friday,20,8.693564354920298,1.1072124114959235e-97,6.542305873629604e-54,-3.6302324179012496e-58,-1.6553950588625855e-62,7.711794218928712e-93,4.4523438362108623e-82,2.9713958684389547e-79,2.9424970141975806e-76,2.8328147258907165e-73,2.6419316186663176e-70,2.3719639347377644e-67,2.0301021379360993e-64,1.6312614076368265e-61,1.2005240369877643e-58,7.7458644020121265e-56,4.0063784760554884e-53,1.297873827921116e-50,-2.794480851300991e-53,2.0115448661415783e-56,-4.839947248320326e-60
2,5,Saturday,8,6.456808234885946,9.074953360154169e-18,7.478408241318562e-12,1.3009084133647376e-12,2.4815361466226225e-10,-8.776570186993659e-13,1.2142147221326263e-15,-7.521833732175702e-19,1.7304636028471035e-22
2,5,Sunday,5,-910.9455351280649,5.607690053060844,-0.012996174760626741,1.4415757044355972e-05,-7.68377292580659e-09,1.5807291309244654e-12
2,5,Monday,8,6.3983902669343955,4.7392450032072035e-17,-1.8104302079549677e-10,6.620724053570668e-12,1.2763130031766135e-09,-4.7156253325330546e-12,6.49630218488849e-15,-3.929153188090735e-18,8.783631427470967e-22
2,5,Tuesday,8,5.048174171697106,4.2406266699926986e-17,-7.818865620434644e-11,5.999249228573512e-12,1.1943134307006525e-09,-4.21497619525028e-12,5.593417046676798e-15,-3.281944913983069e-18,7.157128955748578e-22
2,5,Wednesday,19,10.883158233043586,1.468041848216763e-90,5.301670024698361e-50,1.578217819090067e-54,7.472525642844379e-59,1.9446922743316068e-62,4.187923297100843e-75,2.6950917951439487e-72,2.545313304640132e-69,2.3278559550424784e-66,2.04948486703108e-63,1.7203724583246485e-60,1.3561244119557795e-57,9.793510094074238e-55,6.202320961035821e-52,3.149757595567314e-49,1.0021152121258057e-46,-2.1844851535232873e-49,1.5850366028344864e-52,-3.8290142283360997e-56
2,5,Thursday,10,13.134626690493024,-5.4215616516711715e-36,1.5575590511433154e-23,1.3990587505979056e-27,-4.080506934292098e-27,-2.506723999028391e-24,-1.2129041075637595e-21,-3.6474480528126945e-19,9.048935970284313e-22,-7.393139579352648e-25,1.9908418370278762e-28
2,5,Friday,8,6.8827382800483345,5.086449644680636e-18,-4.09734589426243e-12,7.162034309862303e-13,1.4093163792271975e-10,-6.075196080893917e-13,9.589470781597974e-16,-6.470608942103635e-19,1.5762519190252498e-22
2,17,Saturday,6,9.025489575581826,-6.785514596191694e-07,-0.00011910331739359506,5.358477407108267e-07,-7.999403572036714e-10,5.125245467498387e-13,-1.2212797467471892e-16
2,17,Sunday,18,15.281506456452398,2.954830779355771e-84,-2.7092211285230682e-46,-1.3630989748951752e-51,3.3022058163399614e-55,2.1688073470312e-79,8.513616475181558e-69,5.930485669943836e-66,5.461417423029884e-63,4.835815750675536e-60,4.080480741463901e-57,3.233014350092288e-54,2.3469840715476547e-51,1.494444202921403e-48,7.632513327337196e-46,2.4428219811385884e-43,-5.280738086208059e-46,3.802651483435098e-49,-9.122619199246473e-53
2,17,Monday,8,7.316563669420653,5.3717323495104265e-17,-4.778409098401191e-11,6.913462779701727e-12,1.3119333847177862e-09,-4.7061272113039565e-12,6.3877789860726276e-15,-3.834019789522015e-18,8.53281244137153e-22
2,17,Tuesday,8,4.486474785688692,4.3494625098676846e-17,-9.321186963433651e-11,6.355204382772253e-12,1.2682516865767415e-09,-4.361103734258807e-12,5.69598467798736e-15,-3.3081175909667593e-18,7.163167266400788e-22
2,17,Wednesday,3,9.317389069842005,-0.020160433816722792,7.70960970669949e-05,-4.388229939954248e-08
2,17,Thursday,5,-497.8220357173666,3.084924819312987,-0.007143614390977512,7.953406714351728e-06,-4.246481615774268e-09,8.702064722789474e-13
2,17,Friday,15,10.034161467240349,2.0698662704021448e-66,-2.6505578621922793e-38,1.6793597148295692e-42,-1.8733979991731953e-46,2.1382117680922824e-50,2.758786442184005e-51,2.32631011244962e-48,1.8304596395668608e-45,1.3151334981132354e-42,8.271386631655999e-40,4.168004180438488e-37,1.3154958991984522e-34,-2.8309418465704763e-37,2.0358364928978137e-40,-4.891275440736655e-44
3,2,Saturday,8,13.320546594867665,3.197677870906112e-17,5.145723750300236e-11,4.782818839789324e-12,9.166921579816917e-10,-3.0196199817730635e-12,3.835128396341053e-15,-2.182321238831582e-18,4.644326846661263e-22
3,2,Sunday,9,29.398142690504365,-6.95595137474789e-30,-1.2858618763858966e-20,-5.363907382656375e-24,-3.931040528891517e-21,-1.9267333688589894e-18,-5.807198131463576e-16,1.3890270658885467e-18,-1.0968094576724222e-21,2.8591371739105478e-25
3,2,Monday,8,18.186964465549007,4.252890398237123e-17,5.358222804944479e-11,5.801162159119648e-12,1.1366127825003145e-09,-4.1849587478240974e-12,5.748335942172782e-15,-3.4586677855271885e-18,7.670806297328728e-22
3,2,Tuesday,7,15.04583307027676,1.6381358605904633e-11,4.988785504265465e-09,9.001917560038526e-07,-3.2781319803413504e-09,4.4789638810986725e-12,-2.6765228867171635e-15,5.87285690500724e-19
3,2,Wednesday,6,15.46679479146621,2.90222198012277e-06,0.000536639404891892,-1.9958187286283784e-06,2.7724490184834616e-09,-1.6577874929514311e-12,3.579485335083258e-16
3,2,Thursday,7,16.980634850487984,1.5021457845292085e-11,1.1528300489247797e-08,8.942027051540727e-07,-3.297965642274523e-09,4.53450027551761e-12,-2.7153913398174464e-15,5.956924133447555e-19
3,2,Friday,8,16.63726374590911,4.116324043550222e-17,-2.9998076360522095e-11,5.5955413479728245e-12,1.098745255332982e-09,-3.8860076725078056e-12,5.155726845870116e-15,-3.0110517255706273e-18,6.505360485896039e-22
3,13,Saturday,8,10.355202522356528,1.527581374327486e-17,-1.6265066260743088e-11,2.3746175067907287e-12,4.5763982368397966e-10,-1.6872959680751353e-12,2.3274286160304246e-15,-1.4101023097377215e-18,3.1551689244277425e-22
3,13,Sunday,5,-181.0520597045525,1.2395970310841609,-0.0029957038718762675,3.425694215260961e-06,-1.8615888290899972e-09,3.8668023978883254e-13
3,13,Monday,8,10.829394852930042,1.7620502364110974e-17,-6.290917531505998e-12,2.406684245414875e-12,4.6502472036465926e-10,-1.7382737391283424e-12,2.417474815878862e-15,-1.4736049861580746e-18,3.3169952732536967e-22
3,13,Tuesday,7,8.161802307328474,6.882061483069201e-12,1.051509110732222e-08,4.626557583259774e-07,-1.6752974189412924e-09,2.286090739969078e-12,-1.3732763317927532e-15,3.0492874445128565e-19
3,13,Wednesday,7,10.710543721205429,5.231445161177214e-12,1.2276448849505665e-08,3.092229371346779e-07,-1.1834200085889418e-09,1.6848044622236298e-12,-1.0463265188689987e-15,2.385920260210337e-19
3,13,Thursday,18,12.148133270186479,1.322610421391826e-84,1.5670777158259968e-47,6.528719661653335e-52,9.666608293017949e-57,8.403813827241625e-80,3.838591050817952e-69,2.5753673397749074e-66,2.3729203256408366e-63,2.1014705645569645e-60,1.7729558020087586e-57,1.4041206442250477e-54,1.0186298025133862e-51,6.480600817530725e-49,3.306513616324383e-46,1.057096255073151e-43,-2.309333640232435e-46,1.681471020133431e-49,-4.0806988581322695e-53
3,13,Friday,7,10.059470376098288,6.166146360180634e-12,-1.2234960870131017e-08,3.7445989864200024e-07,-1.4955289413127403e-09,2.211640128295452e-12,-1.4202538701101274e-15,3.33642067764671e-19
4,6,Saturday,9,12.742608802099145,6.04414107508788e-30,-2.4601872931811596e-21,3.493744764527164e-24,1.7857414803595873e-21,7.960827527688598e-19,2.229414428531009e-16,-4.979701118443861e-19,3.765885272792323e-22,-9.608239009949726e-26
4,6,Sunday,6,-18.424496003264462,2.4743601516319556e-06,0.000841485408232563,-2.690574246841743e-06,3.4684652753310938e-09,-2.027228624573257e-12,4.443862390893474e-16
4,6,Monday,5,13.908002962115361,-0.027128468806676333,0.00014117984724485594,-2.6264974040673246e-07,2.2228697698118055e-10,-6.903824847348214e-14
4,6,Tuesday,19,15.712829925206407,6.98589215103026e-91,-7.633479931713099e-50,3.887519926665232e-55,-1.66728875820698e-60,5.7508623021991075e-86,2.2189796652742034e-75,1.4160772603597514e-72,1.3440528641179161e-69,1.2372896742522155e-66,1.0979761928811849e-63,9.300617932062034e-61,7.405639996268534e-58,5.40682941456752e-55,3.464270690085744e-52,1.780955203391744e-49,5.739006553857502e-47,-1.2343437710495483e-49,8.84535788159549e-53,-2.1119714369585555e-56
4,6,Wednesday,1,14.956504489788763,0.0021810997011100135
4,6,Thursday,17,14.523778235581513,5.397679822024142e-78,-1.2771797974655722e-43,-5.614737857969005e-48,-2.2514801568895388e-52,3.589434451552926e-73,1.2022264799926087e-62,8.265480165771671e-60,7.146387006488778e-57,5.878436553235077e-54,4.5363287577555774e-51,3.206045440334007e-48,1.987222611827155e-45,9.880270301935775e-43,3.0789884371316703e-40,-6.853312946383812e-43,5.0849013719866484e-46,-1.2574505466989072e-49
4,6,Friday,16,14.526923143982653,3.251530068909726e-72,-1.8700145286193473e-40,4.7242665253024176e-46,-1.2933375213967105e-49,1.7312479892255334e-67,6.086644108374612e-57,3.9022994646240045e-54,3.287882795441163e-51,2.595594500303618e-48,1.874971227103013e-45,1.1870845825041343e-42,6.025616460287951e-40,1.9163463722561484e-37,-4.220542609790297e-40,3.0990163226982695e-43,-7.585823795995323e-47
4,11,Saturday,8,10.99679802271993,4.164680208084506e-18,9.3211116437553e-13,6.243570382481497e-13,1.195492820292997e-10,-4.1485008944774094e-13,5.563922597605552e-16,-3.3392700193745463e-19,7.47387329758394e-23
4,11,Sunday,5,-67.64637560471817,0.48884136376129805,-0.0011506985322524857,1.3017893201726416e-06,-7.085834768891803e-10,1.4884303614093517e-13
4,11,Monday,8,10.98037031978135,9.10544004640753e-18,-6.610671845021495e-12,1.238111876634123e-12,2.38875755369549e-10,-8.75880532810103e-13,1.2102463912771993e-15,-7.389190530492067e-19,1.6737351826966512e-22
4,11,Tuesday,7,10.644651165659859,1.7744999967138834e-12,-2.587694929675388e-09,9.821050574593122e-08,-3.630567514639174e-10,5.202842496069271e-13,-3.3109048644381916e-16,7.79013324084652e-20
4,11,Wednesday,7,11.01468065024818,1.540265535364662e-12,1.9523385637866555e-09,8.442278357332437e-08,-3.115157604727859e-10,4.413643176413564e-13,-2.7683841002653114e-16,6.418959624926619e-20
4,11,Thursday,7,10.531804909639014,2.177321428625097e-12,-5.744377053936035e-09,1.2864718151707864e-07,-4.348007664346151e-10,5.638418175462066e-13,-3.2590899125056126e-16,7.018007045812086e-20
4,11,Friday,15,11.557144728258454,3.0602372562628153e-66,-6.064945839095028e-38,-6.730379873620049e-44,-1.0657027028458562e-46,2.1382117680934147e-50,3.3888566100317714e-51,2.8104548356960205e-48,2.177477093457734e-45,1.5418521760220022e-42,9.563442626240558e-40,4.754861191254721e-37,1.4812708734284258e-34,-3.2857750482708768e-37,2.4287321732217515e-40,-5.981901245868989e-44
5,2,Saturday,8,9.614056663849325,2.1001945777104958e-17,5.989541118404916e-11,3.0309605483876854e-12,5.783155380435104e-10,-2.0136196659225925e-12,2.7071411281630252e-15,-1.6250109085932824e-18,3.6287892957323633e-22
5,2,Sunday,20,18.358981997222664,2.9335333844786225e-96,-5.182107107662509e-53,-7.132363021532712e-57,-8.402948141808881e-61,1.6440027624998158e-91,1.189470752220165e-80,8.112162883893459e-78,8.043237588561799e-75,7.759454450401897e-72,7.256203309308771e-69,6.535457449975706e-66,5.613225749282975e-63,4.5273588207496706e-60,3.344893253473611e-57,2.1667356704889272e-54,1.1251873257923637e-51,3.659627082582061e-49,-7.96915165504789e-52,5.779857920336209e-55,-1.3963193207742953e-58
5,2,Monday,8,8.990529065679095,1.0383844708255765e-16,9.334387744566192e-12,1.432189434840876e-11,2.7819261782848663e-09,-1.0497697489623445e-11,1.469555970914781e-14,-8.993590091075397e-18,2.0278751298931265e-21
5,2,Tuesday,8,2.013873597209063,9.400796637672966e-17,3.23586853315616e-10,1.4523795977035536e-11,2.9809218524405094e-09,-1.0742631089552782e-11,1.452835446384242e-14,-8.659172260691855e-18,1.9120795627641937e-21
5,2,Wednesday,8,8.175238632079367,1.0747560664278639e-16,1.81971813705168e-11,1.412967055592529e-11,2.703185645701448e-09,-1.0109050759379941e-11,1.4086480500669242e-14,-8.604628654426035e-18,1.9397764073475173e-21
5,2,Thursday,19,17.268663273716694,4.751108180438524e-90,6.355426049346627e-49,6.003643532195998e-54,-4.332604226636816e-58,-7.778769097326427e-62,1.6027918215384328e-74,1.1146627551538822e-71,1.0676097633766108e-68,9.890827201853522e-66,8.813808184908766e-63,7.483593196587406e-60,5.964106357986643e-57,4.352889815143037e-54,2.785202385956943e-51,1.428693285983254e-48,4.590451784572738e-46,-1.0020251059070686e-48,7.284846527453446e-52,-1.7640776779155785e-55
5,2,Friday,15,11.44162258454333,2.2688592545260567e-66,8.496458444725261e-39,3.732660835379042e-43,5.660163940900557e-48,2.166790899333097e-61,2.8436014657760845e-51,2.3835163794832834e-48,1.8669496013818674e-45,1.3363765364599304e-42,8.379344962730956e-40,4.211733072980621e-37,1.3265031985140487e-34,-2.8254154870933574e-37,2.0073706043798133e-40,-4.756840984030908e-44
5,6,Saturday,8,7.653796806010076,1.112235158052632e-17,2.6249528240768083e-11,1.7466634708080257e-12,3.3855279820976965e-10,-1.1981214420200466e-12,1.6288077839719452e-15,-9.858036857856393e-19,2.217065073048382e-22
5,6,Sunday,5,-518.1934793950878,3.2157490575976877,-0.007440126319099673,8.23240419955476e-06,-4.367917470544053e-09,8.920227118188109e-13
5,6,Monday,8,7.755444566438655,2.566725328090306e-17,1.1708743317548615e-11,3.2735108246588214e-12,6.250585476259097e-10,-2.2795651493468316e-12,3.1357649834608284e-15,-1.9040912831194913e-18,4.283158168478047e-22
5,6,Tuesday,8,6.471349901423915,3.903277905862524e-17,-6.916139054783187e-11,5.547244356703118e-12,1.103649787886643e-09,-3.990889069836606e-12,5.4223649819481156e-15,-3.247325260617607e-18,7.202315237919251e-22
5,6,Wednesday,8,8.228549628685405,3.00312808853354e-17,4.81799310445262e-11,3.997814124631364e-12,7.734391742649056e-10,-2.7172848971688297e-12,3.6016734281140815e-15,-2.1137646457284893e-18,4.612109418927062e-22
5,6,Thursday,7,5.533974233674156,1.2153830062226635e-11,-1.015871876316901e-08,7.204484672980933e-07,-2.654580589671104e-09,3.680551260834682e-12,-2.239134678912081e-15,5.017191382601496e-19
5,6,Friday,14,8.953173728492175,1.3431190213053622e-60,4.147003536951229e-36,6.861234743376683e-40,-1.7229237347784644e-44,1.7444379768582302e-55,1.2901847254580589e-45,9.912026236918572e-43,6.944485289711961e-40,4.257950220225284e-37,2.092263208575423e-34,6.442841209410247e-32,-1.3367163905908805e-34,9.242996762265393e-38,-2.1300390327734432e-41
5,7,Saturday,6,14.322142503391373,-1.0820654393213025e-06,-0.0002057075185177458,9.384926599100021e-07,-1.424508348357505e-09,9.152951519968422e-13,-2.1555737239111935e-16
5,7,Sunday,6,-332.74272442665307,2.244638094703392e-05,0.007655222065743264,-2.2927122686285945e-05,2.7959383675030022e-08,-1.5637493780458027e-11,3.31406245073461e-15
5,7,Monday,8,10.244358408518345,1.1501874675987743e-16,-1.9105074531135e-10,1.5601782985201252e-11,3.0139971536126655e-09,-1.0626880133971339e-11,1.4115782803341434e-14,-8.300731126260007e-18,1.8155535759700612e-21
5,7,Tuesday,8,3.6711565475072554,1.0943815009033522e-16,1.4754308313328182e-10,1.5783181200231155e-11,3.1497621158430506e-09,-1.0791298046321741e-11,1.4009985553613645e-14,-8.092435091467615e-18,1.745709796937665e-21
5,7,Wednesday,8,10.863001922305628,1.0225746209240886e-16,2.9661959386542885e-10,1.3589105521910125e-11,2.622323891438455e-09,-9.125364486240417e-12,1.2046292680888977e-14,-7.070654525766384e-18,1.5473822222929084e-21
5,7,Thursday,7,9.562836343564985,2.3652459521178714e-11,4.998236625060848e-09,1.393895681897269e-06,-4.970510770776138e-09,6.838763108782147e-12,-4.19351788061753e-15,9.551313219192887e-19
5,7,Friday,15,13.541535503437956,1.6753278493228831e-66,6.755866031839366e-39,9.298835509067243e-43,2.989512385407278e-47,1.9359994432064434e-61,1.9901904882493815e-51,1.661686896706594e-48,1.2975462188428787e-45,9.262889114817451e-43,5.793883073593379e-40,2.905632777616417e-37,9.131902019462659e-35,-1.9005298923061203e-37,1.3184021828128607e-40,-3.048013234522888e-44
5,8,Saturday,8,8.302297499567663,1.5273455914629557e-17,3.458883430616674e-11,2.285688254364891e-12,4.3745000677885924e-10,-1.4774589614964866e-12,1.928897506526285e-15,-1.1295316802039939e-18,2.473411754604246e-22
5,8,Sunday,5,-425.0929495999384,2.592573743833799,-0.005867673319223366,6.396591530059073e-06,-3.3562973217314616e-09,6.782117760894287e-13
5,8,Monday,8,8.782156643251588,4.467026901066521e-17,-1.1108754224857882e-10,6.271052467383872e-12,1.2118744857500192e-09,-4.428596378343217e-12,6.080449532593158e-15,-3.680032467986169e-18,8.248280732644156e-22
5,8,Tuesday,8,5.168133834559235,5.2640393509214205e-17,5.6627996480967737e-11,7.355084255235785e-12,1.4597475259049282e-09,-5.103990892347336e-12,6.776956209038439e-15,-3.996649274735346e-18,8.77443893618641e-22
5,8,Wednesday,8,8.191093698546515,4.770248705578709e-17,1.0910242994714763e-10,6.325730573082562e-12,1.2204481028019117e-09,-4.3598957029585516e-12,5.8894718522055315e-15,-3.524402452853412e-18,7.838906061780301e-22
5,8,Thursday,8,4.91960590639615,4.776150835505428e-17,-1.302280022595167e-10,7.444005290731613e-12,1.5465216629602593e-09,-5.393030649039674e-12,7.139298215503916e-15,-4.199917294368376e-18,9.20504938125147e-22
5,8,Friday,16,10.597276749574673,1.3961040774428946e-72,3.274835763324671e-42,6.04202487977856e-46,5.493009202897037e-50,-1.0440487148797513e-53,6.789217544089581e-58,1.6577697544343388e-54,1.391165205051561e-51,1.0936815088549209e-48,7.867090345335968e-46,4.959870713094563e-43,2.5071751786028505e-40,7.941323252453848e-38,-1.6863637153347942e-40,1.1932528974551317e-43,-2.8136833631746885e-47
5,17,Saturday,8,11.563787981267964,1.49866104831829e-17,-1.2359276879028436e-11,2.1463513091691165e-12,4.1213813687475047e-10,-1.3628682286862842e-12,1.831004227277304e-15,-1.1275644504314234e-18,2.6069997161524283e-22
5,17,Sunday,5,-1993.529677666235,12.480886182542868,-0.0294558579855355,3.326514070354556e-05,-1.801862349222418e-08,3.757459766882668e-12
5,17,Monday,8,11.263812448839449,1.2253537259164879e-16,2.6270258351011404e-10,1.5997978300283628e-11,3.0569396184773974e-09,-1.117605256610822e-11,1.5326121004190458e-14,-9.259068304009207e-18,2.0714917214074007e-21
5,17,Tuesday,8,1.1265351231914877,1.1097453328541758e-16,-9.048664625786618e-11,1.7123376305514767e-11,3.500681233020446e-09,-1.2272118037316633e-11,1.6244216313240866e-14,-9.529886044867847e-18,2.080940140318591e-21
5,17,Wednesday,8,9.705386264103794,1.130207526502128e-16,-8.888575148410873e-11,1.4534804274538852e-11,2.7966091562524143e-09,-1.002391758670632e-11,1.3589632118469416e-14,-8.155780128481817e-18,1.817316816894198e-21
5,17,Thursday,6,-251.53112724320798,1.899868494855198e-05,0.0062268130145503465,-1.9211534616727657e-05,2.409268422583157e-08,-1.3804414545456427e-11,2.9838641833526127e-15
5,17,Friday,18,13.53872166214298,1.8083808011082703e-84,6.813030323968228e-47,3.413658282449009e-51,-3.077978713255751e-56,-1.9913648889155653e-59,5.386613304080603e-69,3.639133966159883e-66,3.390706806195997e-63,3.034260937637827e-60,2.584904258759921e-57,2.0658151696610276e-54,1.511467198761315e-51,9.693440503372927e-49,4.983402957389392e-46,1.6047246703957768e-43,-3.481869770465689e-46,2.517350602336469e-49,-6.064282666359853e-53
6,4,Saturday,8,7.191599967477186,1.2766772088085081e-17,-1.0301251718282268e-11,1.756279094459893e-12,3.342902833497769e-10,-1.2052153206103239e-12,1.6498076215548298e-15,-1.001294164164326e-18,2.257952905553387e-22
6,4,Sunday,20,9.406490971356627,9.488282105535018e-97,3.305035434272935e-53,1.861487599861494e-58,5.436509966415693e-62,-1.8991135491519597e-65,3.772272376927641e-81,2.518705758361749e-78,2.487064264064108e-75,2.3901374092032156e-72,2.2270395635779826e-69,1.9989080512634284e-66,1.7111412030372443e-63,1.375700753317723e-60,1.0132352306600143e-57,6.543683064260534e-55,3.3881786469818125e-52,1.0988507603585341e-49,-2.4114721184604618e-52,1.7625405454413554e-55,-4.290751839432388e-59
6,4,Monday,18,9.065134680480936,1.5634534706709937e-84,4.032187814506626e-47,-6.68323999038585e-52,1.0017709842648738e-55,-1.9913648889155653e-59,3.8593685405458473e-69,2.398961392331811e-66,2.1987364443034547e-63,1.9387472970887472e-60,1.6294346000527427e-57,1.2859347039106251e-54,9.297814035281178e-52,5.896131301845613e-49,2.998634273354328e-46,9.55581679419127e-44,-2.085135975207835e-46,1.5158800995429404e-49,-3.6718650763715106e-53
6,4,Tuesday,8,6.931877442282712,1.772273857330986e-17,2.2306974062535653e-12,2.457001275993603e-12,4.858776014969678e-10,-1.7354615495580901e-12,2.3355843504685388e-15,-1.388014795309396e-18,3.0585189080980107e-22
6,4,Wednesday,8,7.822482402385386,1.6194098692280807e-17,-2.707532835574459e-11,2.087833615590654e-12,4.0077373270458765e-10,-1.461426694029945e-12,1.9939780291768123e-15,-1.1958612041321443e-18,2.6514241222012073e-22
6,4,Thursday,18,9.517241280207534,1.11839522352012e-84,7.480132568454581e-47,-2.0041510100681262e-51,6.848246727645071e-56,6.748572832856196e-80,3.296130300619151e-69,2.3412269407627628e-66,2.1672912124514226e-63,1.9280185484309562e-60,1.6337972605263433e-57,1.299564020227163e-54,9.46886147298255e-52,6.050475450876189e-49,3.1006187564367587e-46,9.956605742232699e-44,-2.1793938839148826e-46,1.5900480372393289e-49,-3.8666811694046752e-53
6,4,Friday,8,8.067311912487671,5.4439940926231844e-18,-5.4528359724421735e-12,7.690079982933463e-13,1.5170689584204922e-10,-5.907687028756562e-13,8.56883432208987e-16,-5.421716290247597e-19,1.258811732504022e-22
6,5,Saturday,8,13.587408356720719,2.4310710335858158e-17,-1.0052154779828456e-11,3.5720733003965204e-12,6.874394395617166e-10,-2.4237606673674536e-12,3.278695339643394e-15,-1.9727408895820197e-18,4.407891030331944e-22
6,5,Sunday,10,30.39417513165777,-1.7458132439035222e-35,-5.062651900290811e-23,-5.177957158597428e-27,-1.310457941377296e-26,-8.024517448328357e-24,-3.868955519053026e-21,-1.159087503997118e-18,2.8858792255235702e-21,-2.365967625748869e-24,6.394355978856706e-28
6,5,Monday,19,20.83619391304758,8.335191095315277e-90,3.408474660191755e-49,-5.372584123283372e-54,2.5233780007024774e-58,4.5366269620098087e-85,2.2038522264682695e-74,1.3333773203372357e-71,1.2470990408550434e-68,1.1300273127314754e-65,9.859984213604701e-63,8.204184717545363e-60,6.411330420188152e-57,4.5904678680791556e-54,2.8824548364062366e-51,1.45138927084143e-48,4.5785002858908755e-46,-1.0121219694153866e-48,7.453183032045467e-52,-1.828420436642063e-55
6,5,Tuesday,8,3.592403227926397,1.197235323276657e-16,-1.3719716222221003e-11,1.736887041927354e-11,3.5203218495616276e-09,-1.2297466474365859e-11,1.623260820385422e-14,-9.498593626695684e-18,2.0687221916002406e-21
6,5,Wednesday,8,12.244914381984689,1.0968002826781127e-16,-1.6186636772588968e-11,1.4423314500919149e-11,2.767684165617564e-09,-1.0027137653450915e-11,1.3585779043530387e-14,-8.100534377724873e-18,1.7885395865829036e-21
6,5,Thursday,7,2.903561312832789,3.602051742099489e-11,1.1720392813011601e-07,2.075493760622782e-06,-7.399779889681443e-09,1.0020631544683672e-11,-5.994929400918228e-15,1.3271172453476482e-18
6,5,Friday,16,15.715127921523816,3.280990119433141e-72,-2.0732339562064365e-41,-6.356855635453856e-46,4.308879788824044e-50,-4.1761948595190293e-53,6.710635739838462e-57,4.5353216091297475e-54,3.808342788897384e-51,2.9923832545307496e-48,2.1495548593199812e-45,1.3525134312913777e-42,6.819921008621845e-40,2.153950927675674e-37,-4.691119393468031e-40,3.4092222180331086e-43,-8.266441644995366e-47
6,8,Saturday,5,16.51384323717455,-0.08310455383132292,0.00038734369973265453,-6.26013970626552e-07,4.6432430531423615e-10,-1.318079187531644e-13
6,8,Sunday,6,-143.7776916180471,1.0906833045119542e-05,0.0035835942264570357,-1.0784411387271976e-05,1.3213973038370845e-08,-7.414482545206532e-12,1.5730810350737243e-15
6,8,Monday,6,12.591546386441333,2.059767744808166e-06,0.00036879716692207444,-1.438432416815517e-06,2.1699077091253867e-09,-1.4177495436378383e-12,3.3448123748705345e-16
6,8,Tuesday,8,9.913589271121356,5.83896164513994e-17,-6.892291111236349e-11,8.28466945728988e-12,1.6579676100436746e-09,-5.6637490692032e-12,7.414567065008008e-15,-4.33532189979353e-18,9.46710842987947e-22
6,8,Wednesday,8,12.849750967905901,5.590040057166638e-17,4.8977202726132134e-11,7.363871867770612e-12,1.4134664172474567e-09,-5.0259578382675615e-12,6.791938084675143e-15,-4.076022897186416e-18,9.103470591853444e-22
6,8,Thursday,8,16.405559356319415,3.001865760346218e-17,1.7741230513061584e-11,4.5244490565829404e-12,9.255293502621999e-10,-3.5428908018895795e-12,5.177996401760093e-15,-3.3309619509993416e-18,7.877796779139442e-22
6,8,Friday,8,13.689711117309866,2.1450881099646717e-17,1.2216684379930165e-11,3.0021827933823544e-12,5.91310257523436e-10,-2.108537605467156e-12,2.9046695585024048e-15,-1.7812542178306705e-18,4.0518372801034755e-22
7,1,Saturday,8,4.522531449868764,6.835839630808036e-18,-1.8370592142093714e-12,1.0540718441254045e-12,2.0278050364982452e-10,-6.880835127515736e-13,9.202323055247814e-16,-5.560638293424652e-19,1.2569781330245525e-22
7,1,Sunday,20,7.788054617821347,1.2852478849514359e-96,-5.295575237439263e-53,6.555796698313958e-58,-6.801808012233015e-62,5.618684764007283e-92,4.928629401046161e-81,3.3181563762529617e-78,3.260970294926528e-75,3.119324166963223e-72,2.893263805460644e-69,2.5853763547626313e-66,2.2036218903306768e-63,1.7641842488504956e-60,1.2940322545748722e-57,8.323668832380437e-55,4.2929478523489956e-52,1.3869467142678938e-49,-3.057021802084194e-52,2.2434089239560163e-55,-5.481982131564729e-59
7,1,Monday,20,6.623987925893651,2.507239345487017e-96,-3.808487323588648e-54,8.451707471735065e-58,-1.470990020478085e-62,1.2257901942770505e-91,8.0127857737007335e-81,4.867071827958746e-78,4.746021023901886e-75,4.505907047748146e-72,4.1480940295751967e-69,3.6784483161958225e-66,3.1108227834442067e-63,2.4705224247169628e-60,1.7972424899876476e-57,1.1463249977773123e-54,5.861394998357027e-52,1.8770916106325158e-49,-4.1434106405399914e-52,3.0468084392102895e-55,-7.463863931640561e-59
7,1,Tuesday,8,3.5747212451236168,1.6475242606394208e-17,-2.099768484700854e-12,2.289077311120019e-12,4.521300750531237e-10,-1.567756959216966e-12,2.0688949042784852e-15,-1.2158523613345419e-18,2.66641422513628e-22
7,1,Wednesday,8,3.8962282981623684,3.279344551513295e-17,-2.6098086273423882e-11,4.376841365815042e-12,8.427593231060112e-10,-3.140201380959044e-12,4.39374240724275e-15,-2.701120096776392e-18,6.127329206012616e-22
7,1,Thursday,19,7.586512077004315,1.4753913346465202e-90,1.2736359785254395e-49,-3.4005626561830075e-54,-8.262165661900469e-59,7.191531990757115e-86,4.84456572757989e-75,3.374177201564932e-72,3.2290969603332563e-69,2.99181735974048e-66,2.6683285513557066e-63,2.2690922874590694e-60,1.8121984570533274e-57,1.3260901030162352e-54,8.510854194154897e-52,4.3806270583359344e-49,1.4127683748189043e-46,-3.114899172537173e-49,2.286462705854081e-52,-5.588341402282766e-56
7,1,Friday,16,5.330162624073849,3.448145176937437e-72,-3.517658922563532e-41,-1.77594862013078e-45,-5.443498710140804e-50,2.2202544308365736e-67,6.744864190648803e-57,4.2880404966778926e-54,3.5980877528246645e-51,2.825422936191076e-48,2.0283462873103843e-45,1.2753863704641766e-42,6.426329060135628e-40,2.028075269050601e-37,-4.481705197307197e-40,3.300647443971719e-43,-8.100909452201973e-47
7,5,Saturday,8,8.438961789432707,1.830409193490704e-17,4.941571763823989e-11,2.642587279050221e-12,5.041374780746708e-10,-1.63332464411144e-12,2.094978968239193e-15,-1.2221753273058541e-18,2.68225844210882e-22
7,5,Sunday,20,19.643771236848675,2.8590241293911095e-96,-3.532603803699894e-52,4.7990974364674235e-57,1.5082111623590032e-61,3.7982270983039195e-65,1.0831057203340786e-80,7.238000164220168e-78,7.102047910002908e-75,6.783543373068136e-72,6.282804934244404e-69,5.605908951819401e-66,4.770779020200046e-63,3.813219067045693e-60,2.792229590828809e-57,1.7928408476801073e-54,9.229291024759574e-52,2.9759564318018855e-49,-6.5072071755986785e-52,4.7381188342334256e-55,-1.1489857195963077e-58
7,5,Monday,8,7.6880459404180925,9.101075871911625e-17,6.633036643005032e-11,1.2143761302945504e-11,2.3454892299063148e-09,-8.558607168928327e-12,1.1739828150833402e-14,-7.096818500643234e-18,1.588085487945428e-21
7,5,Tuesday,8,5.115536964924509,7.152675598972304e-17,9.746576875446544e-11,1.0013184308893616e-11,2.003346106048885e-09,-6.911454888050156e-12,9.058415265282076e-15,-5.283578955326283e-18,1.1498712215571655e-21
7,5,Wednesday,8,8.561071226662367,7.911916473998869e-17,9.013231927645633e-11,1.0871467214316022e-11,2.1207295510544384e-09,-7.685829366858743e-12,1.05042314630402e-14,-6.3362841795144464e-18,1.4155112949604526e-21
7,5,Thursday,18,20.315080069221718,3.9258205729794755e-84,7.787652251165763e-47,8.276668704429321e-51,1.608330422559501e-55,3.982729777831131e-59,1.1165306601150781e-68,7.704625244483611e-66,7.089664662355665e-63,6.270377816338753e-60,5.283503221840515e-57,4.179495260387494e-54,3.02887497717286e-51,1.9252188442295083e-48,9.815008099355306e-46,3.1357803732895702e-43,-6.802896260811743e-46,4.912610597051381e-49,-1.1811340644135433e-52
7,5,Friday,8,10.293162469724,1.2067395183167233e-17,-4.2640951457909713e-11,1.8297842590903025e-12,3.669878949608453e-10,-1.4500317511120638e-12,2.1231633275445744e-15,-1.3487921159344136e-18,3.130851527302752e-22
7,17,Saturday,3,6.832444552416948,-0.01767101766678504,4.91807956699428e-05,-2.6543376799205347e-08
7,17,Sunday,20,10.254327123918172,1.6180912842865557e-96,2.26351609458686e-53,-1.0800567462861589e-57,3.125359020189237e-61,1.1031764038147014e-91,6.013514398619865e-81,4.0621463423469535e-78,3.987813014957329e-75,3.8121261327966413e-72,3.534720389763427e-69,3.158346324203691e-66,2.69233417968404e-63,2.1560795395443283e-60,1.5821924668214663e-57,1.0183139277774469e-54,5.2557128010054405e-52,1.6994166797054424e-49,-3.674013876708601e-52,2.646062095647927e-55,-6.349080799574381e-59
7,17,Monday,8,4.619012368283945,3.712219541900521e-17,1.811669417756311e-11,5.135306646314773e-12,9.99074436094352e-10,-3.61862685503771e-12,4.961203311352294e-15,-3.0032532057193262e-18,6.726812037477236e-22
7,17,Tuesday,8,1.8689055847314897,2.829665646485126e-17,6.168453058511165e-11,4.264799109252045e-12,8.651743508202557e-10,-2.8998641780142184e-12,3.720968631692279e-15,-2.13746536101142e-18,4.601342800810658e-22
7,17,Wednesday,8,4.552750393773682,3.130138787878664e-17,9.336234205529737e-12,4.137180382452367e-12,7.951577623271315e-10,-2.790983034139279e-12,3.761462884015464e-15,-2.2547124557638564e-18,5.015727928130331e-22
7,17,Thursday,20,10.943199188717898,1.6128630986489184e-96,2.0306896767777867e-53,6.725786387242192e-58,-2.8970886316762454e-61,8.674375697171388e-92,6.206055980573979e-81,4.1462985058109326e-78,4.088706808821779e-75,3.924659774573627e-72,3.653151961793006e-69,3.276313577668916e-66,2.8030446859708744e-63,2.2527881637255024e-60,1.659044600714495e-57,1.0715604317320262e-54,5.5500513600412384e-52,1.8008967921132403e-49,-3.928070618616673e-52,2.852869735821412e-55,-6.899995207766119e-59
7,17,Friday,19,6.201985907791718,1.5302498193802115e-90,-5.583337887678489e-51,1.2371025337497062e-54,8.365899042182247e-60,-1.9446922743316068e-62,4.720010718037762e-75,3.07697447510695e-72,2.9277983270954126e-69,2.6946849924278455e-66,2.385362032428293e-63,2.0117867392846915e-60,1.592473619198577e-57,1.154371138726913e-54,7.336062894637146e-52,3.737589557013014e-49,1.1928075128057425e-46,-2.641940467309311e-49,1.9495034594836303e-52,-4.792630577079587e-56
7,18,Saturday,8,7.810382155235887,2.0926324560719774e-17,-3.358056734699638e-11,3.1474915513022626e-12,6.087376874234446e-10,-2.1087397157644024e-12,2.790856310977555e-15,-1.6423110763479492e-18,3.5938886077755215e-22
7,18,Sunday,19,13.565813855255588,3.426954671809821e-90,9.773356176379459e-50,-4.10513482242326e-54,-2.2977450795731527e-59,2.4747614783582673e-85,1.1257728579505244e-74,7.369394899825614e-72,6.980401086955462e-69,6.406525837541447e-66,5.663615888039896e-63,4.7762969845086465e-60,3.7844166174808803e-57,2.748223876909049e-54,1.7508188391794587e-51,8.946937800540094e-49,2.8651242278916904e-46,-6.215887765696922e-49,4.49273907498466e-52,-1.081917172075913e-55
7,18,Monday,19,13.881906066233782,4.387767697160483e-90,-1.8282179144450633e-49,-1.4852793576146972e-54,-1.3224287288164757e-59,7.778769097326427e-62,1.2267376558692417e-74,7.5030571487238e-72,7.0728653857819e-69,6.456690862659537e-66,5.673883708679904e-63,4.7535187068851e-60,3.7396154611300064e-57,2.695157533732315e-54,1.7033691834465268e-51,8.632508840160877e-49,2.7408459870364346e-46,-6.005839511249096e-49,4.384729380684102e-52,-1.066633099082771e-55
7,18,Tuesday,8,7.056770075197468,4.6125673437996526e-17,4.2464868283671155e-11,6.5049027698869776e-12,1.290738009583256e-09,-4.745034787564972e-12,6.5638836766610955e-15,-3.997024484941326e-18,8.995269946015098e-22
7,18,Wednesday,8,8.665434218647544,5.843148885256329e-17,-9.032029780674625e-11,7.620148513395916e-12,1.446256327920602e-09,-5.464089342916621e-12,7.694555508343821e-15,-4.742805459990805e-18,1.0768265709201295e-21
7,18,Thursday,20,14.007061936565151,1.8516031335647753e-96,2.4742054637916694e-52,-2.296609990478616e-57,2.2688502783475562e-61,9.476723585967021e-92,7.306538596880516e-81,4.884084049462129e-78,4.828120725729845e-75,4.643838779839543e-72,4.3299213619089793e-69,3.8888659250923726e-66,3.3312563684514755e-63,2.680251285125194e-60,1.975801552617879e-57,1.2773132765786438e-54,6.621371001846256e-52,2.1502621354637855e-49,-4.69824321255595e-52,3.419036489590352e-55,-8.28750498127467e-59
7,18,Friday,8,10.334282027150284,1.1383238642842482e-17,-7.616456503935417e-13,1.5385443588646294e-12,2.9800295911181746e-10,-1.1865014040120827e-12,1.741329706802211e-15,-1.1045610545201842e-18,2.5537162873725583e-22
8,5,Saturday,8,9.375497526417119,1.3868393170441743e-17,-3.902674664056018e-11,2.1830695480499625e-12,4.2439288000931677e-10,-1.3441642487812346e-12,1.653702923976211e-15,-9.187377166971834e-19,1.9203730557020837e-22
8,5,Sunday,20,16.77089667767515,2.0665247013249964e-96,4.525904364100299e-53,-2.823482985117352e-57,-2.816740828071746e-61,9.512427978337012e-92,8.239944454370111e-81,5.562768856812327e-78,5.503945645868074e-75,5.299372999297643e-72,4.94623587477779e-69,4.4464103718808884e-66,3.811483180609303e-63,3.067924443299023e-60,2.2618605779690198e-57,1.4619666071490666e-54,7.574764778557975e-52,2.4578814214882644e-49,-5.414244086632372e-52,3.97077419325432e-55,-9.696636978198861e-59
8,5,Monday,8,8.746384845021094,5.586368823264271e-17,-1.313862171920274e-10,7.682500283244804e-12,1.4854465881506144e-09,-5.415456122256283e-12,7.43889227833466e-15,-4.509403164400669e-18,1.0126396350050926e-21
8,5,Tuesday,8,7.0518272875398615,4.1900218790593615e-17,1.0562253297667128e-11,5.63622731347666e-12,1.105224349399029e-09,-3.718897046674093e-12,4.816397087425496e-15,-2.795440273307035e-18,6.072135217074457e-22
8,5,Wednesday,8,9.000861559592206,4.819442391549844e-17,9.8006874899923e-12,6.151326146893498e-12,1.174789925875275e-09,-4.201042633838695e-12,5.707719183223147e-15,-3.4381722209455726e-18,7.690382600000306e-22
8,5,Thursday,8,4.474190159165641,5.178052708506944e-17,1.9846116035026842e-11,7.965497556415734e-12,1.643228322402807e-09,-5.626600831184826e-12,7.362657826903427e-15,-4.301228095202307e-18,9.389792746556474e-22
8,5,Friday,8,10.673512809047564,9.790192861435064e-18,4.923982744549396e-13,1.3424128274579671e-12,2.61968042911607e-10,-9.769641915691493e-13,1.3779942682744624e-15,-8.533670279457179e-19,1.9436650154163462e-22
8,6,Saturday,8,12.172276632940733,2.3382817195558586e-17,-4.152563049106613e-11,3.5785606139519334e-12,6.948797752837299e-10,-2.464136953739751e-12,3.3433914534972013e-15,-2.014609108376882e-18,4.5045240478028e-22
8,6,Sunday,18,18.91873152262633,3.3875944553830963e-84,-8.816446818017557e-47,-5.713227331045992e-51,-2.6556919946268953e-55,3.982729777831131e-59,1.0211062065746143e-68,6.969351190116265e-66,6.438308797323554e-63,5.718008436813403e-60,4.838981053112573e-57,3.8449198293896247e-54,2.7990047678840165e-51,1.7871807043907577e-48,9.152415996060565e-46,2.937141816963454e-43,-6.419680096893428e-46,4.673770544775634e-49,-1.13350970344001e-52
8,6,Monday,8,11.745276518773302,6.34337649069591e-17,3.0202634348495722e-12,8.446042292056625e-12,1.6185319706000667e-09,-5.908474791227276e-12,8.110428602571256e-15,-4.907307230802008e-18,1.09942385953291e-21
8,6,Tuesday,8,8.48203899193878,5.378636964120686e-17,1.8723414666890308e-10,8.305856738593025e-12,1.6935822123567482e-09,-5.960379102634231e-12,7.956761804993088e-15,-4.709082633353522e-18,1.0357531915677102e-21
8,6,Wednesday,8,12.80047305828245,5.147108540100846e-17,-1.4683235921416019e-10,6.5092629123456615e-12,1.235967377507321e-09,-4.37693520149421e-12,5.850950365898053e-15,-3.4614272839952875e-18,7.608568586608864e-22
8,6,Thursday,6,-143.61701491260163,9.806724770141842e-06,0.0034070350220835976,-1.0090760818151686e-05,1.218364806286135e-08,-6.746110156113496e-12,1.4142514752412025e-15
8,6,Friday,15,15.430464614380849,2.8450912482169465e-66,2.307715734147985e-38,8.819560577235919e-43,-9.763922700581255e-47,2.6335420224076136e-61,3.386820887767574e-51,2.8289548751113155e-48,2.2074355847176328e-45,1.5738966468624368e-42,9.828913120082738e-40,4.920070541412871e-37,1.543151137232819e-34,-3.281770447917493e-37,2.3301158537380637e-40,-5.524036171718704e-44
8,18,Saturday,5,10.837219485114908,-0.05332892116261662,0.00020626735086092484,-3.420359550598044e-07,2.785040042574584e-10,-8.640747367306554e-14
8,18,Sunday,6,-130.45326584506205,9.204169065035028e-06,0.0030491891896385188,-9.251394786130216e-06,1.1379209600997995e-08,-6.383961911325206e-12,1.351091525995136e-15
8,18,Monday,8,4.77380833921158,3.989332457029693e-17,4.872227399496567e-11,5.42944048333322e-12,1.0441898326160205e-09,-3.730113294134726e-12,4.988650053106439e-15,-2.9359683300481055e-18,6.398369618614836e-22
8,18,Tuesday,8,1.802807969776394,4.104911450725975e-17,-1.241533953382385e-10,6.300500668397255e-12,1.2908920376030953e-09,-4.468995480494656e-12,5.8503814043961214e-15,-3.394380928607934e-18,7.32737269362967e-22
8,18,Wednesday,5,9.203211437161961,-0.11491298742827037,0.0005816831147585539,-1.011691114307578e-06,7.521212690872326e-10,-2.0296774941596513e-13
8,18,Thursday,7,-26.00248101918956,1.4463268001379366e-11,1.5682215047669735e-09,2.085501242557381e-06,-6.643121813683163e-09,8.164264882461717e-12,-4.495851618168677e-15,9.274417297019364e-19
8,18,Friday,20,8.688676077930898,1.283857607078624e-96,-4.818966065411403e-54,-1.02137231346582e-57,5.672379544664828e-62,5.183564078486626e-92,4.740344726560372e-81,3.072389060412523e-78,3.0328373489783575e-75,2.9130683518675744e-72,2.7123495322974513e-69,2.432514603284959e-66,2.0805449417826165e-63,1.671285506131825e-60,1.2299748999280505e-57,7.937854431989264e-55,4.107571425786229e-52,1.331504574054348e-49,-2.9332776110816185e-52,2.15338615170772e-55,-5.2675312989568655e-59
10,11,Saturday,16,7.985971388563074,1.4451678176714036e-72,-1.545556418832517e-41,-1.5695371956514243e-46,-5.875865893979798e-51,1.0440487148797737e-53,2.297644589974564e-57,1.411137970772518e-54,1.1612526630123165e-51,8.97915738812065e-49,6.36803045280011e-46,3.966104049309271e-43,1.9837405169779768e-40,6.225607612971989e-38,-1.3496107932015433e-40,9.75160970602433e-44,-2.348437334578086e-47
10,11,Sunday,19,7.936902312614166,5.822680490560767e-91,-6.749068115172194e-50,-1.0360191400594485e-55,-1.1986707154497292e-58,3.393352697413824e-86,2.0028157276158399e-75,1.3464989890909837e-72,1.2908462262316678e-69,1.1984314693795799e-66,1.0711651173139583e-63,9.128726916738675e-61,7.30586437242038e-58,5.356619633945019e-55,3.444076980904179e-52,1.775577550148924e-49,5.734498820953155e-47,-1.2492751851860953e-49,9.068250106112002e-53,-2.193256891134916e-56
10,11,Monday,7,7.91642880942903,2.2877058426736268e-12,-2.7550593295719567e-09,1.289227341366047e-07,-5.448460771000251e-10,8.308762316985731e-13,-5.419626085749977e-16,1.2823008437861386e-19
10,11,Tuesday,7,7.799713274884235,1.3051678352789035e-12,3.10355127341898e-09,7.261430066384875e-08,-3.17559251150934e-10,5.014530070243104e-13,-3.3619424689365653e-16,8.114697608771035e-20
10,11,Wednesday,19,8.004608584736145,5.342010463049372e-91,2.55062162429873e-50,-6.637331519880456e-56,2.5590317685629014e-59,4.861730685829017e-63,1.5277793655021427e-75,9.285575502765182e-73,8.792394653920363e-70,8.075949486641548e-67,7.151132162836135e-64,6.044650934512317e-61,4.803036158367034e-58,3.49950935751477e-55,2.23772262407874e-52,1.148145120162585e-49,3.6927440725048053e-47,-8.040147732732905e-50,5.833204938023256e-53,-1.4101566862230331e-56
10,11,Thursday,16,7.849192592954859,1.0048887519488515e-72,2.677785258734925e-41,-1.1921072118858665e-45,-5.971776526844969e-50,-1.0440487148797559e-53,2.0862442448099903e-57,1.4393989508914687e-54,1.20429238175257e-51,9.439777814384826e-49,6.7715884712397385e-46,4.2584814567537915e-43,2.147689491365952e-40,6.788279133380943e-38,-1.4831754675902763e-40,1.0808527828632538e-43,-2.6267387617781784e-47
10,11,Friday,16,7.908957473279928,1.922919608521431e-72,-5.385594314314758e-42,8.007161728405343e-46,1.1848097025532528e-49,1.182342162558656e-67,1.4195388062609072e-57,2.5152893689635202e-54,2.1108241822692253e-51,1.659257664232848e-48,1.1933685327304785e-45,7.522761565569348e-43,3.802377343509708e-40,1.2043310869871632e-37,-2.6533113238487238e-40,1.9471133620339616e-43,-4.759395790696829e-47
10,13,Saturday,19,5.376762863422007,1.072964340758314e-90,4.298281611251773e-50,5.476808204552187e-55,-5.980395925502782e-59,9.723461371658034e-63,3.070827470212851e-75,1.9074862502928887e-72,1.8056480725723425e-69,1.6578904340160444e-66,1.4672773816338543e-63,1.239395493038757e-60,9.839593377163027e-58,7.161652340896689e-55,4.5738695734590666e-52,2.343576748984684e-49,7.526237135367978e-47,-1.6502763588441712e-49,1.20523952734902e-52,-2.9318739175067087e-56
10,13,Sunday,18,5.298202911515416,9.406077565534137e-85,3.316330750673783e-47,1.7275255450153523e-52,3.3846842752394875e-56,5.935576578265591e-80,2.6409506094238136e-69,1.8004557226932059e-66,1.6548854588581568e-63,1.4632236043130602e-60,1.2332663855556758e-57,9.761822360614688e-55,7.080283076212653e-52,4.504601047098088e-49,2.2987261283377627e-46,7.351141758648167e-44,-1.6065810859763796e-46,1.169809994471306e-49,-2.8379169806075477e-53
10,13,Monday,17,5.159937699721773,1.7126091237871728e-78,-1.7266675306976688e-44,1.5232385294019982e-48,9.404499478988206e-54,9.935503935752469e-74,3.322484953607534e-63,2.0629353742312583e-60,1.8016263174078118e-57,1.499432243170409e-54,1.1719247935147254e-51,8.393924453283684e-49,5.274754603028572e-46,2.659339490327681e-43,8.404340935367107e-41,-1.8574328951851425e-43,1.3682901144368382e-46,-3.3595290136427355e-50
10,13,Tuesday,2,3.285630136002871,0.006035554907254637,-2.814564940677702e-06
10,13,Wednesday,16,5.1424213806993935,3.274023541528663e-72,-3.043784120269009e-41,7.064713846463285e-46,1.4592416032326325e-51,-2.0880974297595102e-53,1.3241479345592042e-57,3.5934024850265296e-54,2.9815767000672775e-51,2.320010359089687e-48,1.653117812580346e-45,1.033085586998722e-42,5.1790819242292864e-40,1.6275739090939209e-37,-3.6192246708688243e-40,2.6811626281446068e-43,-6.616873353435833e-47
10,13,Thursday,15,5.337419636468408,1.2309358732830198e-66,7.058806387043144e-39,2.399689447706083e-43,-6.685774755475544e-48,1.4297481425042874e-61,1.6632194374161987e-51,1.379525045865083e-48,1.0704362148617016e-45,7.592438435463774e-43,4.7190326865952215e-40,2.3522238964075694e-37,7.349924201110325e-35,-1.571188673753882e-37,1.1185487605193541e-40,-2.6521382647198455e-44
10,13,Friday,15,4.872491452755263,1.5632469632739323e-66,-2.415150497892219e-38,-1.0588341322222207e-42,3.0187165160598947e-47,8.574484686727332e-62,1.9835130495260072e-51,1.660668161925304e-48,1.2992951118765275e-45,9.291207676521865e-43,5.820832780639775e-40,2.923689701481326e-37,9.203111276259706e-35,-2.048779367532353e-37,1.5182933087954904e-40,-3.7456732505380907e-44
11,4,Saturday,8,11.905503657571309,3.3635126618251965e-18,1.6821752789136046e-12,4.896007260836805e-13,9.450227899850672e-11,-2.9822778359943595e-13,3.687083678838615e-16,-2.0660457193390755e-19,4.3657162991567184e-23
11,4,Sunday,8,14.107266159437277,-8.854916477309031e-25,-8.871693608272072e-19,-6.074057317728797e-19,-3.03541663433744e-16,-9.14108079438736e-14,2.2918127822968384e-16,-1.8918697550856848e-19,5.1448076386247695e-23
11,4,Monday,8,11.758848492929326,1.0969993294018466e-17,-2.3778295138545534e-12,1.4635951322508463e-12,2.809030549814068e-10,-1.0807187484281314e-12,1.5532296361261692e-15,-9.771813650040214e-19,2.263597797643404e-22
11,4,Tuesday,8,11.716170308413439,8.967721106372401e-18,-9.374754092321048e-12,1.2854364299112714e-12,2.5718366054384727e-10,-9.350376819719838e-13,1.2829118991150699e-15,-7.769430754515232e-19,1.742779230548622e-22
11,4,Wednesday,8,12.361920035680411,8.907646203557097e-18,9.884954134261092e-12,1.1415233289009045e-12,2.1831394208872048e-10,-8.54838927707729e-13,1.244423439686445e-15,-7.904308147090651e-19,1.8445710338467805e-22
11,4,Thursday,19,13.218463395301734,5.953687230938798e-91,-5.02226346154574e-50,1.5846374257622448e-54,2.913737752148984e-59,2.9376866818710236e-86,2.1142849028626147e-75,1.4733183147485717e-72,1.4143531366330575e-69,1.3137212874971056e-66,1.1741204228432765e-63,1.0002136160945466e-60,8.000356977599017e-58,5.8621806860070126e-55,3.766851379631925e-52,1.9409296322840975e-49,6.26571728537127e-47,-1.3866280509698838e-49,1.0218164762852757e-52,-2.5074476718868623e-56
11,4,Friday,4,12.338049283046978,0.005167631090355367,-2.527583927841793e-05,3.96515115405691e-08,-1.729931625235029e-11
11,10,Saturday,7,9.413122732304995,6.921014315915742e-13,-3.0527916436995013e-10,4.2497490524531106e-08,-2.1224141130334657e-10,3.5622422993325886e-13,-2.4567329495490645e-16,5.998580564601386e-20
11,10,Sunday,7,10.726250562845701,-7.010023299031987e-19,2.3028551995056195e-15,-3.257578375781809e-13,-1.0020922179319502e-10,2.4288877061646215e-13,-1.9538055020653496e-16,5.1987382531406945e-20
11,10,Monday,18,8.948038171087896,6.468987577725103e-85,6.774323087972736e-48,6.199503475935087e-52,-7.594005099774853e-57,-4.9784122222889134e-60,1.4895954466058874e-69,9.319806329367789e-67,8.52313825693029e-64,7.499244074275677e-61,6.2891832515624685e-58,4.952342859810662e-55,3.572507713164665e-52,2.260084109324724e-49,1.146601926641188e-46,3.644678062323857e-44,-7.965366247394311e-47,5.80541383851839e-50,-1.4109470836171816e-53
11,10,Tuesday,7,8.94563553989993,1.2967499991391351e-12,-2.6670283452126342e-09,7.278609034519642e-08,-3.144106976286794e-10,4.884617932353851e-13,-3.230750486095438e-16,7.719270614493607e-20
11,10,Wednesday,6,8.906163163423573,2.1292582132739956e-07,3.846536239206209e-05,-1.746753908720579e-07,2.8177995768934526e-10,-1.907586860018125e-13,4.6145202025615675e-17
11,10,Thursday,17,9.0159315576996,7.284695338533289e-79,2.8139824444559565e-46,-7.628996062762821e-49,4.210559843407072e-53,5.13906362991301e-74,1.7878378210447801e-63,1.192199902607458e-60,1.0473107246670462e-57,8.752619564187352e-55,6.862092545182579e-52,4.927127836268675e-49,3.1027285120775764e-46,1.5672644803920746e-43,4.962049056073969e-41,-1.0867149391492433e-43,7.934839467103179e-47,-1.9314734886662307e-50
11,10,Friday,17,8.993575841341693,1.3100040987739846e-78,-4.4515574451235345e-45,9.695669661450893e-49,6.256999911055375e-53,6.740735031453555e-74,3.3071567397377015e-63,2.1632220380519222e-60,1.932990618435395e-57,1.642022619439134e-54,1.3074305677696447e-51,9.525788675708915e-49,6.081782878883852e-46,3.112186237084668e-43,9.974752741936447e-41,-2.2094666653129343e-43,1.6298102272372662e-46,-4.0036558959616127e-50
13,3,Saturday,8,12.777269418997006,7.636739280304492e-18,-1.1011420246256934e-12,1.1468993446971843e-12,2.1764627063096732e-10,-7.349297694499827e-13,9.411369404875394e-16,-5.315830240886139e-19,1.1093207759369767e-22
13,3,Sunday,4,-16.55045189223319,0.20611911785299605,-0.0004575761661026714,4.1336655736349244e-07,-1.2839660743240228e-10
13,3,Monday,7,13.307504442656295,2.5699338774717206e-12,4.982651830031097e-10,1.4751842787367613e-07,-5.174040484554585e-10,6.651628295108692e-13,-3.619341032784546e-16,6.960367290759908e-20
13,3,Tuesday,18,14.70204485268119,9.035197771245188e-85,-1.4083619989033946e-47,9.565787250740983e-52,-5.043412103039242e-56,9.84944157776369e-80,2.3157668493939136e-69,1.5163573425932614e-66,1.391105216050224e-63,1.2288874069222676e-60,1.0356013245678057e-57,8.200736332917598e-55,5.953337210277549e-52,3.792446846493574e-49,1.9383928677027047e-46,6.210371022294242e-44,-1.298221765446122e-46,9.06047256611303e-50,-2.1111199686176815e-53
13,3,Wednesday,8,14.733440670379967,6.932073750826289e-18,-1.395136681698646e-11,8.995193365872559e-13,1.715926657157016e-10,-6.886649546691639e-13,9.997256834669312e-16,-6.19756720377536e-19,1.3899488984258341e-22
13,3,Thursday,19,15.099323159238686,1.2898136638056704e-90,-8.056671191161406e-50,-2.2240798268967126e-54,5.010222374237209e-59,-1.9446922743316068e-62,4.594851012525558e-75,3.072299537909319e-72,2.943779484662496e-69,2.7302806119885117e-66,2.4372434950359936e-63,2.0742123602125014e-60,1.6577283565221592e-57,1.2138381225661269e-54,7.795089152993234e-52,4.014481695394841e-49,1.2953835938881804e-46,-2.8367585131356566e-49,2.0716229820782854e-52,-5.044294610479696e-56
13,3,Friday,15,15.107527190057827,8.730949316308111e-67,-2.592541180234466e-38,-3.482198523643699e-43,2.0016564604597727e-47,-5.3455294201188375e-51,1.0522744694151807e-51,8.791664821100305e-49,6.8559447301310926e-46,4.885416042578079e-43,3.0492909019366395e-40,1.5256856030662103e-37,4.7834956763632877e-35,-1.043128444230146e-37,7.617271213397993e-41,-1.8626580821712925e-44
13,10,Saturday,8,4.6761960933735,4.556595384623795e-18,1.2137788111354276e-11,7.262119886042385e-13,1.4281143573888154e-10,-5.357774584822954e-13,7.530489636839562e-16,-4.631662719539599e-19,1.0472323747908977e-22
13,10,Sunday,17,5.20842221285274,9.056763629893249e-79,8.983728729376833e-45,-1.1519259195430903e-48,-1.0219804091808016e-53,6.039423253848397e-74,2.0978789661086886e-63,1.487171493419647e-60,1.3097021517335817e-57,1.0982725186182989e-54,8.645225321809357e-52,6.2351081151082635e-49,3.9449409913590226e-46,2.0024124108431067e-43,6.371186753284104e-41,-1.3947022924406917e-43,1.0179281345382926e-46,-2.4768284467446377e-50
13,10,Monday,20,5.200595989396377,5.812023398914115e-97,4.213515527180133e-53,-6.60515876527831e-58,1.5408368064620656e-62,3.0604813339462045e-92,1.843778146307868e-81,1.1226907876964433e-78,1.0971256847708643e-75,1.0441125328011926e-72,9.636566604194724e-70,8.56831677155062e-67,7.266040429536342e-64,5.786672856552949e-61,4.221677971012153e-58,2.700487834010597e-55,1.3848658599793713e-52,4.448156350081521e-50,-9.782007921921546e-53,7.169104690719653e-56,-1.7509598848454122e-59
13,10,Tuesday,18,5.191778575711043,7.885247889523032e-85,-7.84315199276724e-48,-1.3098406776170561e-51,1.3204681751457815e-56,4.852038108396132e-80,2.138038521084619e-69,1.34394378405347e-66,1.232164112124733e-63,1.0877289270623072e-60,9.160670514814466e-58,7.250539893174535e-55,5.261767191988689e-52,3.351338746468841e-49,1.712926768053571e-46,5.488778813291844e-44,-1.1958363188120297e-46,8.685035309453676e-50,-2.10257892310127e-53
13,10,Wednesday,19,5.38893682806118,5.878670397985345e-91,-3.025588284985175e-50,-5.545023777637902e-56,5.995191919164225e-59,-9.723461371658034e-63,1.9290387664646898e-75,1.3007293571323754e-72,1.2451180527781224e-69,1.1540687649252687e-66,1.0297286595489979e-63,8.76029574338884e-61,6.99900469976456e-58,5.1231610653642e-55,3.2887907446041253e-52,1.6929989602563433e-49,5.460157541340205e-47,-1.2011855399364414e-49,8.805000393546642e-53,-2.150605280175323e-56
13,10,Thursday,17,5.375635588039301,8.793987777126991e-79,1.7898990490387946e-44,-1.2379474179583568e-48,-3.2304100450828303e-53,4.8342351261435746e-74,2.1607986426083202e-63,1.4492473731159436e-60,1.2786255882561457e-57,1.0734855689579908e-54,8.456240425916246e-52,6.101285545794362e-49,3.861043343324707e-46,1.9599837954070633e-43,6.236343756111038e-41,-1.3819862896189751e-43,1.0207262151378606e-46,-2.512492259863445e-50
13,10,Friday,8,5.082541384088358,2.0408235649119558e-18,1.6889007612172125e-12,2.9750785993118535e-13,5.8879367024606e-11,-2.8005020075891036e-13,4.702590836461953e-16,-3.3105321026238873e-19,8.325105453174332e-23
17,1,Saturday,5,12.492020024534668,-0.00471129076570285,-5.3542557961279755e-05,2.2581388459819337e-07,-2.2078900838197406e-10,6.319361103886234e-14
17,1,Sunday,5,-854.6198151395547,5.277743124191054,-0.012281015713494282,1.3757269601868244e-05,-7.413411965727992e-09,1.5392257686870558e-12
17,1,Monday,8,11.517922068836452,4.204602992740712e-17,8.363352959663172e-11,5.299788638430153e-12,1.0000030107878468e-09,-3.582185471188477e-12,4.930484280110217e-15,-3.0240321775253926e-18,6.897525707612371e-22
17,1,Tuesday,3,11.90790877070351,0.0046483069072597895,1.3547984403176584e-05,-1.1917142313398924e-08
17,1,Wednesday,8,11.045122878101498,4.206749647600699e-17,-1.2655636391336707e-10,5.621214466996547e-12,1.0841712764508915e-09,-3.7307957986402995e-12,4.975682205653563e-15,-2.978761997205084e-18,6.665365076772385e-22
17,1,Thursday,8,8.550050386183173,4.576397193029643e-17,-6.758504829355706e-11,6.669733808258333e-12,1.3552583060453645e-09,-4.758373000137262e-12,6.409230487114484e-15,-3.852525491868237e-18,8.633736673354924e-22
17,1,Friday,16,13.066256508814458,4.2211527447620495e-72,-2.5441246177698433e-41,-3.7897495299449813e-45,2.5950131584089354e-50,4.176194859519086e-53,8.503100956491778e-57,5.462201359377182e-54,4.61077423280662e-51,3.643565465056692e-48,2.6330983212238683e-45,1.6671564862052427e-42,8.460950046315084e-40,2.6900314115693127e-37,-5.847726741104902e-40,4.236836219327225e-43,-1.0230959141276408e-46
17,2,Saturday,8,4.701821563250668,6.810682418868266e-18,8.60252393798067e-12,9.607225973957162e-13,1.835537546596136e-10,-6.112060649822598e-13,7.815716186186025e-16,-4.45974809931485e-19,9.480884893827945e-23
17,2,Sunday,20,6.800699910124292,5.36472865642209e-97,1.451733021439047e-54,-6.734465610700665e-58,-4.6596932405310705e-62,9.495567745759799e-66,2.0076806235191735e-81,1.3370298836342963e-78,1.3126604955070604e-75,1.2551542365232517e-72,1.1642516628898017e-69,1.0407292123796288e-66,8.875580263482846e-64,7.110658840782706e-61,5.219836322835258e-58,3.3604543687563285e-55,1.7347087604109207e-52,5.609563810769946e-50,-1.2309224941057805e-52,8.99799154215399e-56,-2.191278016460256e-59
17,2,Monday,5,5.232292438053446,-0.013930741281418982,9.60042567129551e-05,-2.032998584755411e-07,1.8034492007850858e-10,-5.648136697065645e-14
17,2,Tuesday,8,3.543276931905009,1.294638320853252e-17,-2.2895623939924965e-11,2.194749396232783e-12,4.614625251204815e-10,-1.6039438844997549e-12,2.109751719978774e-15,-1.230584969996898e-18,2.671007178238361e-22
17,2,Wednesday,7,4.517692600737381,2.7323180391371062e-12,8.730881361656675e-09,1.555810494788809e-07,-5.377328119094487e-10,7.093131662618391e-13,-4.1089066722519975e-16,8.716223184960327e-20
17,2,Thursday,7,3.9043184225207552,3.821637683866783e-12,-2.227022299725577e-09,2.233832510273584e-07,-7.80777458399222e-10,1.039308777099923e-12,-6.10485434705762e-16,1.3236536291492713e-19
17,2,Friday,8,4.937683239985416,4.911479819877778e-18,-7.93265840191423e-12,7.506444709121154e-13,1.5049468306205407e-10,-5.349150898701149e-13,7.185628967492055e-16,-4.259054666541528e-19,9.341359777563429e-23
17,5,Saturday,3,6.2251589241134315,-0.011423051319576001,3.328813530076472e-05,-1.7937086554387615e-08
17,5,Sunday,7,-25.246439528448978,1.5339050958462486e-11,-9.293090772152688e-09,2.1905033975078115e-06,-7.2717461565762015e-09,9.308932294622087e-12,-5.337176564341745e-15,1.1456307087538187e-18
17,5,Monday,8,4.825874553198018,3.236671757682415e-17,-5.217421464041626e-12,4.372788476786265e-12,8.435553993133911e-10,-3.011895272954798e-12,4.040088036901248e-15,-2.3904371411680523e-18,5.242610546290317e-22
17,5,Tuesday,3,3.3446787343560374,0.0100841289614994,7.075253039749416e-06,-9.210274273148686e-09
17,5,Wednesday,8,4.727893927086555,4.358690729795341e-17,3.905155053281098e-11,5.513854628356762e-12,1.0482716817308715e-09,-3.741703656425743e-12,5.004975507287863e-15,-2.950339262784644e-18,6.4459782334207115e-22
17,5,Thursday,8,3.5991875806869835,3.373237451020767e-17,9.080340340642959e-11,5.1744315811109e-12,1.0718186167783393e-09,-3.819042624142229e-12,5.122972949606676e-15,-3.034875576716034e-18,6.668817973004003e-22
17,5,Friday,11,6.175744576125007,7.090764058955436e-44,1.7344902299852852e-28,1.4772503320167363e-34,6.119191806288484e-35,4.290893650083492e-32,2.6177730984526207e-29,1.271003541494129e-26,3.854839829667055e-24,1.4734514336301436e-26,-2.701901854780736e-29,1.0370510960183097e-32
17,7,Saturday,6,8.609762925044846,-7.934432294571546e-07,-0.00015263874101723615,6.405376722718478e-07,-9.046498809780844e-10,5.423855918645113e-13,-1.1962201138232436e-16
17,7,Sunday,7,-42.95886038733781,2.1670987902949157e-11,-5.3322156040474916e-08,3.1337983835340044e-06,-1.0060316828962787e-08,1.2529292008151515e-11,-7.025020002381905e-15,1.4807001859934861e-18
17,7,Monday,8,7.312064466856903,3.8623369364208534e-17,-3.719372864428614e-11,5.073007048046803e-12,9.702320840326292e-10,-3.2742912017037878e-12,4.2254197001574906e-15,-2.438753620378346e-18,5.269172417114074e-22
17,7,Tuesday,8,3.818556783679014,4.5662812787625334e-17,1.769043164676383e-11,6.560829862052832e-12,1.311612178523154e-09,-4.375402775782338e-12,5.5348122253046905e-15,-3.1222805827950005e-18,6.59668252060402e-22
17,7,Wednesday,8,5.3299825778015215,4.871773265838794e-17,1.2763111121468672e-10,6.981291536811277e-12,1.3732450265181672e-09,-4.691654219596272e-12,6.0912650569647995e-15,-3.52045888317068e-18,7.593355026227306e-22
17,7,Thursday,8,3.821431775375178,4.622502073398606e-17,1.3142707372390118e-11,7.323674759634934e-12,1.526667472444914e-09,-5.228723860926524e-12,6.79314003094262e-15,-3.925669520733925e-18,8.465050850974169e-22
17,7,Friday,9,8.938924362292259,-4.277266724316725e-30,-5.651175426735369e-21,-9.894359370951967e-25,-1.4945920334850503e-21,-6.99284312641234e-19,-2.041060323740823e-16,5.277484425082499e-19,-4.450126405622796e-22,1.229839235448245e-25
18,7,Saturday,8,7.234888734630358,8.609848335536077e-18,-1.3794536555610847e-11,1.2716281458380771e-12,2.433781390243796e-10,-7.542107994147484e-13,9.412955005074308e-16,-5.418530232444059e-19,1.1836652104337494e-22
18,7,Sunday,20,14.42591118938643,1.272244213670599e-96,1.1992464559513151e-52,-1.429217378867159e-57,-4.7908938895408795e-62,1.8991135491519597e-65,4.984518263633366e-81,3.3132067167592037e-78,3.2685313964581845e-75,3.139589074611189e-72,2.925018708284085e-69,2.625978613864503e-66,2.2491155571815229e-63,1.8096404556704103e-60,1.3342040452352955e-57,8.627137035461813e-55,4.473223546960028e-52,1.453013831416351e-49,-3.1761630726863104e-52,2.310744111229689e-55,-5.596264759577446e-59
18,7,Monday,8,5.588596564787087,5.120694590240943e-17,8.301423621530622e-11,7.1009887844934005e-12,1.371727428669762e-09,-4.666292452259615e-12,6.046343104583845e-15,-3.494940694028894e-18,7.551726418023188e-22
18,7,Tuesday,5,9.458525261642857,-0.12187362270361948,0.0005817623551202629,-9.304734570079138e-07,6.403354317532825e-10,-1.6314717836838008e-13
18,7,Wednesday,8,6.665774431628426,5.180899109951229e-17,6.965718479511636e-11,6.992058332144977e-12,1.3542731793080785e-09,-4.785247124905392e-12,6.410101625311045e-15,-3.809652611375523e-18,8.421415981312503e-22
18,7,Thursday,19,14.417588752496744,9.298846235452247e-91,2.8629887851583086e-50,1.4113660547803484e-55,5.895532137445378e-60,9.723461371658034e-63,3.2382948583185884e-75,2.1628588338417453e-72,2.061683695179565e-69,1.9025631515214322e-66,1.690146647372663e-63,1.4317137181433013e-60,1.1391380274711863e-57,8.305410960169506e-55,5.3116430128914704e-52,2.7246234002827317e-49,8.757855179046547e-47,-1.936524261154939e-49,1.423674823974797e-52,-3.4813482999158262e-56
18,7,Friday,17,8.845686432255626,1.7511538373620549e-78,1.4379149945580623e-44,-8.19752726744675e-49,5.654886840513087e-53,9.240022229246883e-74,4.3763627839474583e-63,2.9895339481664466e-60,2.664135311517892e-57,2.2563714265361355e-54,1.7910539918108943e-51,1.300914117235317e-48,8.28062489781087e-46,4.2249898215339794e-43,1.3503385476470308e-40,-2.9678097719388915e-43,2.174052990470625e-46,-5.307935602630882e-50
18,8,Saturday,8,6.009809574825002,1.2277325456991474e-17,-1.5219493783707707e-11,1.8312883933506265e-12,3.5470547789126054e-10,-1.1949009677996675e-12,1.5379716081856551e-15,-8.809702189060959e-19,1.878652747014904e-22
18,8,Sunday,5,-432.2772828439702,2.750808933248987,-0.006517766813142036,7.358239407765483e-06,-3.961730361016986e-09,8.166621453502582e-13
18,8,Monday,8,6.683813868966331,2.8740190430874824e-17,5.347132554685082e-11,3.779710344714616e-12,7.251663512120701e-10,-2.6679526696959257e-12,3.669945471565308e-15,-2.2163185322625395e-18,4.94263821700677e-22
18,8,Tuesday,8,4.550485006459995,3.9115263345830465e-17,4.4567908897754326e-11,5.518799498576117e-12,1.0939976155247106e-09,-3.946970440771542e-12,5.349600422493305e-15,-3.1966608398260413e-18,7.077931817805222e-22
18,8,Wednesday,20,9.73114793716421,1.0200448337830421e-96,3.559533048563674e-53,6.092970405150792e-58,-1.058984244386023e-61,5.9110235384493974e-92,3.598148956773629e-81,2.259843197706689e-78,2.2169103989965665e-75,2.1179599560850442e-72,1.9627876163388065e-69,1.7529750350729275e-66,1.493740011918145e-63,1.19584357066318e-60,8.773338467064026e-58,5.645633263164422e-55,2.913486841319495e-52,9.42001608545947e-50,-2.0462623330335708e-52,1.481282485741422e-55,-3.573583432466332e-59
18,8,Thursday,17,9.865210563203325,1.8017653608628535e-78,1.3497069969959408e-44,-7.399005815582554e-49,-1.2589870824378433e-52,1.6713734635601894e-73,4.1852790379793055e-63,2.9024733313188837e-60,2.5465388090369123e-57,2.1254147765741016e-54,1.6639705152725083e-51,1.1929107284489937e-48,7.499317573729535e-46,3.781161364141747e-43,1.1948006160612384e-40,-2.553598014417931e-43,1.818759778357076e-46,-4.317298240709757e-50
18,8,Friday,13,8.173401978146368,3.0922406473661e-54,-4.88047657936663e-32,1.567175389862977e-36,4.622209258921615e-41,2.4725775955151107e-42,1.8924876342805654e-39,1.3067245601176467e-36,7.89155109537288e-34,3.8190083536608516e-31,1.1583473596263177e-28,-2.4928256529492343e-31,1.796405914731281e-34,-4.334226921604228e-38
